洲,国家,省,市,县
亚洲,中国,,北京,东城
亚洲,中国,,北京,西城
亚洲,中国,,北京,朝阳
亚洲,中国,,北京,丰台
亚洲,中国,,北京,石景山
亚洲,中国,,北京,海淀
亚洲,中国,,北京,海淀
亚洲,中国,,北京,门头沟
亚洲,中国,,北京,房山
亚洲,中国,,北京,通州
亚洲,中国,,北京,顺义
亚洲,中国,,北京,昌平
亚洲,中国,,北京,大兴
亚洲,中国,,北京,平谷
亚洲,中国,,北京,怀柔
亚洲,中国,,北京,密云
亚洲,中国,,北京,延庆
亚洲,中国,,天津,和平
亚洲,中国,,天津,河东
亚洲,中国,,天津,河西
亚洲,中国,,天津,南开
亚洲,中国,,天津,河北
亚洲,中国,,天津,红桥
亚洲,中国,,天津,滨海新区
亚洲,中国,,天津,东丽
亚洲,中国,,天津,西青
亚洲,中国,,天津,津南
亚洲,中国,,天津,北辰
亚洲,中国,,天津,宁河
亚洲,中国,,天津,武清
亚洲,中国,,天津,静海
亚洲,中国,,天津,宝坻
亚洲,中国,,天津,蓟县
亚洲,中国,河北,石家庄,长安区
亚洲,中国,河北,石家庄,桥东区
亚洲,中国,河北,石家庄,桥西区
亚洲,中国,河北,石家庄,新华区
亚洲,中国,河北,石家庄,井陉矿区
亚洲,中国,河北,石家庄,裕华区
亚洲,中国,河北,石家庄,井陉县
亚洲,中国,河北,石家庄,正定县
亚洲,中国,河北,石家庄,栾城县
亚洲,中国,河北,石家庄,行唐县
亚洲,中国,河北,石家庄,灵寿县
亚洲,中国,河北,石家庄,高邑县
亚洲,中国,河北,石家庄,深泽县
亚洲,中国,河北,石家庄,赞皇县
亚洲,中国,河北,石家庄,无极县
亚洲,中国,河北,石家庄,平山县
亚洲,中国,河北,石家庄,元氏县
亚洲,中国,河北,石家庄,赵县
亚洲,中国,河北,石家庄,辛集市
亚洲,中国,河北,石家庄,藁城市
亚洲,中国,河北,石家庄,晋州市
亚洲,中国,河北,石家庄,新乐市
亚洲,中国,河北,石家庄,鹿泉市
亚洲,中国,河北,唐山,路南区
亚洲,中国,河北,唐山,路北区
亚洲,中国,河北,唐山,古冶区
亚洲,中国,河北,唐山,开平区
亚洲,中国,河北,唐山,丰南区
亚洲,中国,河北,唐山,丰润区
亚洲,中国,河北,唐山,曹妃甸区
亚洲,中国,河北,唐山,滦县
亚洲,中国,河北,唐山,滦南县
亚洲,中国,河北,唐山,乐亭县
亚洲,中国,河北,唐山,迁西县
亚洲,中国,河北,唐山,玉田县
亚洲,中国,河北,唐山,遵化市
亚洲,中国,河北,唐山,迁安市
亚洲,中国,河北,秦皇岛,海港区
亚洲,中国,河北,秦皇岛,山海关区
亚洲,中国,河北,秦皇岛,北戴河区
亚洲,中国,河北,秦皇岛,青龙满族自治县
亚洲,中国,河北,秦皇岛,昌黎县
亚洲,中国,河北,秦皇岛,抚宁县
亚洲,中国,河北,秦皇岛,卢龙县
亚洲,中国,河北,邯郸,邯山区
亚洲,中国,河北,邯郸,丛台区
亚洲,中国,河北,邯郸,复兴区
亚洲,中国,河北,邯郸,峰峰矿区
亚洲,中国,河北,邯郸,邯郸县
亚洲,中国,河北,邯郸,临漳县
亚洲,中国,河北,邯郸,成安县
亚洲,中国,河北,邯郸,大名县
亚洲,中国,河北,邯郸,涉县
亚洲,中国,河北,邯郸,磁县
亚洲,中国,河北,邯郸,肥乡县
亚洲,中国,河北,邯郸,永年县
亚洲,中国,河北,邯郸,邱县
亚洲,中国,河北,邯郸,鸡泽县
亚洲,中国,河北,邯郸,广平县
亚洲,中国,河北,邯郸,馆陶县
亚洲,中国,河北,邯郸,魏县
亚洲,中国,河北,邯郸,曲周县
亚洲,中国,河北,邯郸,武安市
亚洲,中国,河北,邢台,桥东区
亚洲,中国,河北,邢台,桥西区
亚洲,中国,河北,邢台,邢台县
亚洲,中国,河北,邢台,临城县
亚洲,中国,河北,邢台,内丘县
亚洲,中国,河北,邢台,柏乡县
亚洲,中国,河北,邢台,隆尧县
亚洲,中国,河北,邢台,任县
亚洲,中国,河北,邢台,南和县
亚洲,中国,河北,邢台,宁晋县
亚洲,中国,河北,邢台,巨鹿县
亚洲,中国,河北,邢台,新河县
亚洲,中国,河北,邢台,广宗县
亚洲,中国,河北,邢台,平乡县
亚洲,中国,河北,邢台,威县
亚洲,中国,河北,邢台,清河县
亚洲,中国,河北,邢台,临西县
亚洲,中国,河北,邢台,南宫市
亚洲,中国,河北,邢台,沙河市
亚洲,中国,河北,保定,新市区
亚洲,中国,河北,保定,北市区
亚洲,中国,河北,保定,南市区
亚洲,中国,河北,保定,满城县
亚洲,中国,河北,保定,清苑县
亚洲,中国,河北,保定,涞水县
亚洲,中国,河北,保定,阜平县
亚洲,中国,河北,保定,徐水县
亚洲,中国,河北,保定,定兴县
亚洲,中国,河北,保定,唐县
亚洲,中国,河北,保定,高阳县
亚洲,中国,河北,保定,容城县
亚洲,中国,河北,保定,涞源县
亚洲,中国,河北,保定,望都县
亚洲,中国,河北,保定,安新县
亚洲,中国,河北,保定,易县
亚洲,中国,河北,保定,曲阳县
亚洲,中国,河北,保定,蠡县
亚洲,中国,河北,保定,顺平县
亚洲,中国,河北,保定,博野县
亚洲,中国,河北,保定,雄县
亚洲,中国,河北,保定,涿州市
亚洲,中国,河北,保定,定州市
亚洲,中国,河北,保定,安国市
亚洲,中国,河北,保定,高碑店市
亚洲,中国,河北,张家口,桥东区
亚洲,中国,河北,张家口,桥西区
亚洲,中国,河北,张家口,宣化区
亚洲,中国,河北,张家口,下花园区
亚洲,中国,河北,张家口,宣化县
亚洲,中国,河北,张家口,张北县
亚洲,中国,河北,张家口,康保县
亚洲,中国,河北,张家口,沽源县
亚洲,中国,河北,张家口,尚义县
亚洲,中国,河北,张家口,蔚县
亚洲,中国,河北,张家口,阳原县
亚洲,中国,河北,张家口,怀安县
亚洲,中国,河北,张家口,万全县
亚洲,中国,河北,张家口,怀来县
亚洲,中国,河北,张家口,涿鹿县
亚洲,中国,河北,张家口,赤城县
亚洲,中国,河北,张家口,崇礼县
亚洲,中国,河北,承德,双桥区
亚洲,中国,河北,承德,双滦区
亚洲,中国,河北,承德,鹰手营子矿区
亚洲,中国,河北,承德,承德县
亚洲,中国,河北,承德,兴隆县
亚洲,中国,河北,承德,平泉县
亚洲,中国,河北,承德,滦平县
亚洲,中国,河北,承德,隆化县
亚洲,中国,河北,承德,丰宁满族自治县
亚洲,中国,河北,承德,宽城满族自治县
亚洲,中国,河北,承德,围场满族蒙古族自治县
亚洲,中国,河北,沧州,新华区
亚洲,中国,河北,沧州,运河区
亚洲,中国,河北,沧州,沧县
亚洲,中国,河北,沧州,青县
亚洲,中国,河北,沧州,东光县
亚洲,中国,河北,沧州,海兴县
亚洲,中国,河北,沧州,盐山县
亚洲,中国,河北,沧州,肃宁县
亚洲,中国,河北,沧州,南皮县
亚洲,中国,河北,沧州,吴桥县
亚洲,中国,河北,沧州,献县
亚洲,中国,河北,沧州,孟村回族自治县
亚洲,中国,河北,沧州,泊头市
亚洲,中国,河北,沧州,任丘市
亚洲,中国,河北,沧州,黄骅市
亚洲,中国,河北,沧州,河间市
亚洲,中国,河北,廊坊,安次区
亚洲,中国,河北,廊坊,广阳区
亚洲,中国,河北,廊坊,固安县
亚洲,中国,河北,廊坊,永清县
亚洲,中国,河北,廊坊,香河县
亚洲,中国,河北,廊坊,大城县
亚洲,中国,河北,廊坊,文安县
亚洲,中国,河北,廊坊,大厂回族自治县
亚洲,中国,河北,廊坊,霸州市
亚洲,中国,河北,廊坊,三河市
亚洲,中国,河北,衡水,桃城区
亚洲,中国,河北,衡水,枣强县
亚洲,中国,河北,衡水,武邑县
亚洲,中国,河北,衡水,武强县
亚洲,中国,河北,衡水,饶阳县
亚洲,中国,河北,衡水,安平县
亚洲,中国,河北,衡水,故城县
亚洲,中国,河北,衡水,景县
亚洲,中国,河北,衡水,阜城县
亚洲,中国,河北,衡水,冀州市
亚洲,中国,河北,衡水,深州市
亚洲,中国,山西,太原,小店区
亚洲,中国,山西,太原,迎泽区
亚洲,中国,山西,太原,杏花岭区
亚洲,中国,山西,太原,尖草坪区
亚洲,中国,山西,太原,万柏林区
亚洲,中国,山西,太原,晋源区
亚洲,中国,山西,太原,清徐县
亚洲,中国,山西,太原,阳曲县
亚洲,中国,山西,太原,娄烦县
亚洲,中国,山西,太原,古交市
亚洲,中国,山西,大同,城区
亚洲,中国,山西,大同,矿区
亚洲,中国,山西,大同,南郊区
亚洲,中国,山西,大同,新荣区
亚洲,中国,山西,大同,阳高县
亚洲,中国,山西,大同,天镇县
亚洲,中国,山西,大同,广灵县
亚洲,中国,山西,大同,灵丘县
亚洲,中国,山西,大同,浑源县
亚洲,中国,山西,大同,左云县
亚洲,中国,山西,大同,大同县
亚洲,中国,山西,阳泉,城区
亚洲,中国,山西,阳泉,矿区
亚洲,中国,山西,阳泉,郊区
亚洲,中国,山西,阳泉,平定县
亚洲,中国,山西,阳泉,盂县
亚洲,中国,山西,长治,城区
亚洲,中国,山西,长治,郊区
亚洲,中国,山西,长治,长治县
亚洲,中国,山西,长治,襄垣县
亚洲,中国,山西,长治,屯留县
亚洲,中国,山西,长治,平顺县
亚洲,中国,山西,长治,黎城县
亚洲,中国,山西,长治,壶关县
亚洲,中国,山西,长治,长子县
亚洲,中国,山西,长治,武乡县
亚洲,中国,山西,长治,沁县
亚洲,中国,山西,长治,沁源县
亚洲,中国,山西,长治,潞城市
亚洲,中国,山西,晋城,城区
亚洲,中国,山西,晋城,沁水县
亚洲,中国,山西,晋城,阳城县
亚洲,中国,山西,晋城,陵川县
亚洲,中国,山西,晋城,泽州县
亚洲,中国,山西,晋城,高平市
亚洲,中国,山西,朔州,朔城区
亚洲,中国,山西,朔州,平鲁区
亚洲,中国,山西,朔州,山阴县
亚洲,中国,山西,朔州,应县
亚洲,中国,山西,朔州,右玉县
亚洲,中国,山西,朔州,怀仁县
亚洲,中国,山西,晋中,榆次区
亚洲,中国,山西,晋中,榆社县
亚洲,中国,山西,晋中,左权县
亚洲,中国,山西,晋中,和顺县
亚洲,中国,山西,晋中,昔阳县
亚洲,中国,山西,晋中,寿阳县
亚洲,中国,山西,晋中,太谷县
亚洲,中国,山西,晋中,祁县
亚洲,中国,山西,晋中,平遥县
亚洲,中国,山西,晋中,灵石县
亚洲,中国,山西,晋中,介休市
亚洲,中国,山西,运城,盐湖区
亚洲,中国,山西,运城,临猗县
亚洲,中国,山西,运城,万荣县
亚洲,中国,山西,运城,闻喜县
亚洲,中国,山西,运城,稷山县
亚洲,中国,山西,运城,新绛县
亚洲,中国,山西,运城,绛县
亚洲,中国,山西,运城,垣曲县
亚洲,中国,山西,运城,夏县
亚洲,中国,山西,运城,平陆县
亚洲,中国,山西,运城,芮城县
亚洲,中国,山西,运城,永济市
亚洲,中国,山西,运城,河津市
亚洲,中国,山西,忻州,忻府区
亚洲,中国,山西,忻州,定襄县
亚洲,中国,山西,忻州,五台县
亚洲,中国,山西,忻州,代县
亚洲,中国,山西,忻州,繁峙县
亚洲,中国,山西,忻州,宁武县
亚洲,中国,山西,忻州,静乐县
亚洲,中国,山西,忻州,神池县
亚洲,中国,山西,忻州,五寨县
亚洲,中国,山西,忻州,岢岚县
亚洲,中国,山西,忻州,河曲县
亚洲,中国,山西,忻州,保德县
亚洲,中国,山西,忻州,偏关县
亚洲,中国,山西,忻州,原平市
亚洲,中国,山西,临汾,尧都区
亚洲,中国,山西,临汾,曲沃县
亚洲,中国,山西,临汾,翼城县
亚洲,中国,山西,临汾,襄汾县
亚洲,中国,山西,临汾,洪洞县
亚洲,中国,山西,临汾,古县
亚洲,中国,山西,临汾,安泽县
亚洲,中国,山西,临汾,浮山县
亚洲,中国,山西,临汾,吉县
亚洲,中国,山西,临汾,乡宁县
亚洲,中国,山西,临汾,大宁县
亚洲,中国,山西,临汾,隰县
亚洲,中国,山西,临汾,永和县
亚洲,中国,山西,临汾,蒲县
亚洲,中国,山西,临汾,汾西县
亚洲,中国,山西,临汾,侯马市
亚洲,中国,山西,临汾,霍州市
亚洲,中国,山西,吕梁,离石区
亚洲,中国,山西,吕梁,文水县
亚洲,中国,山西,吕梁,交城县
亚洲,中国,山西,吕梁,兴县
亚洲,中国,山西,吕梁,临县
亚洲,中国,山西,吕梁,柳林县
亚洲,中国,山西,吕梁,石楼县
亚洲,中国,山西,吕梁,岚县
亚洲,中国,山西,吕梁,方山县
亚洲,中国,山西,吕梁,中阳县
亚洲,中国,山西,吕梁,交口县
亚洲,中国,山西,吕梁,孝义市
亚洲,中国,山西,吕梁,汾阳市
亚洲,中国,内蒙古,呼和浩特,新城区
亚洲,中国,内蒙古,呼和浩特,回民区
亚洲,中国,内蒙古,呼和浩特,玉泉区
亚洲,中国,内蒙古,呼和浩特,赛罕区
亚洲,中国,内蒙古,呼和浩特,土默特左旗
亚洲,中国,内蒙古,呼和浩特,托克托县
亚洲,中国,内蒙古,呼和浩特,和林格尔县
亚洲,中国,内蒙古,呼和浩特,清水河县
亚洲,中国,内蒙古,呼和浩特,武川县
亚洲,中国,内蒙古,包头,东河区
亚洲,中国,内蒙古,包头,昆都仑区
亚洲,中国,内蒙古,包头,青山区
亚洲,中国,内蒙古,包头,石拐区
亚洲,中国,内蒙古,包头,白云鄂博矿区
亚洲,中国,内蒙古,包头,九原区
亚洲,中国,内蒙古,包头,土默特右旗
亚洲,中国,内蒙古,包头,固阳县
亚洲,中国,内蒙古,包头,达尔罕茂明安联合旗
亚洲,中国,内蒙古,乌海,海勃湾区
亚洲,中国,内蒙古,乌海,海南区
亚洲,中国,内蒙古,乌海,乌达区
亚洲,中国,内蒙古,赤峰,红山区
亚洲,中国,内蒙古,赤峰,元宝山区
亚洲,中国,内蒙古,赤峰,松山区
亚洲,中国,内蒙古,赤峰,阿鲁科尔沁旗
亚洲,中国,内蒙古,赤峰,巴林左旗
亚洲,中国,内蒙古,赤峰,巴林右旗
亚洲,中国,内蒙古,赤峰,林西县
亚洲,中国,内蒙古,赤峰,克什克腾旗
亚洲,中国,内蒙古,赤峰,翁牛特旗
亚洲,中国,内蒙古,赤峰,喀喇沁旗
亚洲,中国,内蒙古,赤峰,宁城县
亚洲,中国,内蒙古,赤峰,敖汉旗
亚洲,中国,内蒙古,通辽,科尔沁区
亚洲,中国,内蒙古,通辽,科尔沁左翼中旗
亚洲,中国,内蒙古,通辽,科尔沁左翼后旗
亚洲,中国,内蒙古,通辽,开鲁县
亚洲,中国,内蒙古,通辽,库伦旗
亚洲,中国,内蒙古,通辽,奈曼旗
亚洲,中国,内蒙古,通辽,扎鲁特旗
亚洲,中国,内蒙古,通辽,霍林郭勒市
亚洲,中国,内蒙古,鄂尔多斯,东胜区
亚洲,中国,内蒙古,鄂尔多斯,达拉特旗
亚洲,中国,内蒙古,鄂尔多斯,准格尔旗
亚洲,中国,内蒙古,鄂尔多斯,鄂托克前旗
亚洲,中国,内蒙古,鄂尔多斯,鄂托克旗
亚洲,中国,内蒙古,鄂尔多斯,杭锦旗
亚洲,中国,内蒙古,鄂尔多斯,乌审旗
亚洲,中国,内蒙古,鄂尔多斯,伊金霍洛旗
亚洲,中国,内蒙古,呼伦贝尔,海拉尔区
亚洲,中国,内蒙古,呼伦贝尔,阿荣旗
亚洲,中国,内蒙古,呼伦贝尔,莫力达瓦达斡尔族自治旗
亚洲,中国,内蒙古,呼伦贝尔,鄂伦春自治旗
亚洲,中国,内蒙古,呼伦贝尔,鄂温克族自治旗
亚洲,中国,内蒙古,呼伦贝尔,陈巴尔虎旗
亚洲,中国,内蒙古,呼伦贝尔,新巴尔虎左旗
亚洲,中国,内蒙古,呼伦贝尔,新巴尔虎右旗
亚洲,中国,内蒙古,呼伦贝尔,满洲里市
亚洲,中国,内蒙古,呼伦贝尔,牙克石市
亚洲,中国,内蒙古,呼伦贝尔,扎兰屯市
亚洲,中国,内蒙古,呼伦贝尔,额尔古纳市
亚洲,中国,内蒙古,呼伦贝尔,根河市
亚洲,中国,内蒙古,巴彦淖尔,临河区
亚洲,中国,内蒙古,巴彦淖尔,五原县
亚洲,中国,内蒙古,巴彦淖尔,磴口县
亚洲,中国,内蒙古,巴彦淖尔,乌拉特前旗
亚洲,中国,内蒙古,巴彦淖尔,乌拉特中旗
亚洲,中国,内蒙古,巴彦淖尔,乌拉特后旗
亚洲,中国,内蒙古,巴彦淖尔,杭锦后旗
亚洲,中国,内蒙古,乌兰察布,集宁区
亚洲,中国,内蒙古,乌兰察布,卓资县
亚洲,中国,内蒙古,乌兰察布,化德县
亚洲,中国,内蒙古,乌兰察布,商都县
亚洲,中国,内蒙古,乌兰察布,兴和县
亚洲,中国,内蒙古,乌兰察布,凉城县
亚洲,中国,内蒙古,乌兰察布,察哈尔右翼前旗
亚洲,中国,内蒙古,乌兰察布,察哈尔右翼中旗
亚洲,中国,内蒙古,乌兰察布,察哈尔右翼后旗
亚洲,中国,内蒙古,乌兰察布,四子王旗
亚洲,中国,内蒙古,乌兰察布,丰镇市
亚洲,中国,内蒙古,兴安,乌兰浩特市
亚洲,中国,内蒙古,兴安,阿尔山市
亚洲,中国,内蒙古,兴安,科尔沁右翼前旗
亚洲,中国,内蒙古,兴安,科尔沁右翼中旗
亚洲,中国,内蒙古,兴安,扎赉特旗
亚洲,中国,内蒙古,兴安,突泉县
亚洲,中国,内蒙古,锡林郭勒,二连浩特市
亚洲,中国,内蒙古,锡林郭勒,锡林浩特市
亚洲,中国,内蒙古,锡林郭勒,阿巴嘎旗
亚洲,中国,内蒙古,锡林郭勒,苏尼特左旗
亚洲,中国,内蒙古,锡林郭勒,苏尼特右旗
亚洲,中国,内蒙古,锡林郭勒,东乌珠穆沁旗
亚洲,中国,内蒙古,锡林郭勒,西乌珠穆沁旗
亚洲,中国,内蒙古,锡林郭勒,太仆寺旗
亚洲,中国,内蒙古,锡林郭勒,镶黄旗
亚洲,中国,内蒙古,锡林郭勒,正镶白旗
亚洲,中国,内蒙古,锡林郭勒,正蓝旗
亚洲,中国,内蒙古,锡林郭勒,多伦县
亚洲,中国,内蒙古,阿拉善,阿拉善左旗
亚洲,中国,内蒙古,阿拉善,阿拉善右旗
亚洲,中国,内蒙古,阿拉善,额济纳旗
亚洲,中国,辽宁,沈阳,和平区
亚洲,中国,辽宁,沈阳,沈河区
亚洲,中国,辽宁,沈阳,大东区
亚洲,中国,辽宁,沈阳,皇姑区
亚洲,中国,辽宁,沈阳,铁西区
亚洲,中国,辽宁,沈阳,苏家屯区
亚洲,中国,辽宁,沈阳,东陵区
亚洲,中国,辽宁,沈阳,沈北新区
亚洲,中国,辽宁,沈阳,于洪区
亚洲,中国,辽宁,沈阳,辽中县
亚洲,中国,辽宁,沈阳,康平县
亚洲,中国,辽宁,沈阳,法库县
亚洲,中国,辽宁,沈阳,新民市
亚洲,中国,辽宁,大连,中山区
亚洲,中国,辽宁,大连,西岗区
亚洲,中国,辽宁,大连,沙河口区
亚洲,中国,辽宁,大连,甘井子区
亚洲,中国,辽宁,大连,旅顺口区
亚洲,中国,辽宁,大连,金州区
亚洲,中国,辽宁,大连,长海县
亚洲,中国,辽宁,大连,瓦房店市
亚洲,中国,辽宁,大连,普兰店市
亚洲,中国,辽宁,大连,庄河市
亚洲,中国,辽宁,鞍山,铁东区
亚洲,中国,辽宁,鞍山,铁西区
亚洲,中国,辽宁,鞍山,立山区
亚洲,中国,辽宁,鞍山,千山区
亚洲,中国,辽宁,鞍山,台安县
亚洲,中国,辽宁,鞍山,岫岩满族自治县
亚洲,中国,辽宁,鞍山,海城市
亚洲,中国,辽宁,抚顺,新抚区
亚洲,中国,辽宁,抚顺,东洲区
亚洲,中国,辽宁,抚顺,望花区
亚洲,中国,辽宁,抚顺,顺城区
亚洲,中国,辽宁,抚顺,抚顺县
亚洲,中国,辽宁,抚顺,新宾满族自治县
亚洲,中国,辽宁,抚顺,清原满族自治县
亚洲,中国,辽宁,本溪,平山区
亚洲,中国,辽宁,本溪,溪湖区
亚洲,中国,辽宁,本溪,明山区
亚洲,中国,辽宁,本溪,南芬区
亚洲,中国,辽宁,本溪,本溪满族自治县
亚洲,中国,辽宁,本溪,桓仁满族自治县
亚洲,中国,辽宁,丹东,元宝区
亚洲,中国,辽宁,丹东,振兴区
亚洲,中国,辽宁,丹东,振安区
亚洲,中国,辽宁,丹东,宽甸满族自治县
亚洲,中国,辽宁,丹东,东港市
亚洲,中国,辽宁,丹东,凤城市
亚洲,中国,辽宁,锦州,古塔区
亚洲,中国,辽宁,锦州,凌河区
亚洲,中国,辽宁,锦州,太和区
亚洲,中国,辽宁,锦州,黑山县
亚洲,中国,辽宁,锦州,义县
亚洲,中国,辽宁,锦州,凌海市
亚洲,中国,辽宁,锦州,北镇市
亚洲,中国,辽宁,营口,站前区
亚洲,中国,辽宁,营口,西市区
亚洲,中国,辽宁,营口,鲅鱼圈区
亚洲,中国,辽宁,营口,老边区
亚洲,中国,辽宁,营口,盖州市
亚洲,中国,辽宁,营口,大石桥市
亚洲,中国,辽宁,阜新,海州区
亚洲,中国,辽宁,阜新,新邱区
亚洲,中国,辽宁,阜新,太平区
亚洲,中国,辽宁,阜新,清河门区
亚洲,中国,辽宁,阜新,细河区
亚洲,中国,辽宁,阜新,阜新蒙古族自治县
亚洲,中国,辽宁,阜新,彰武县
亚洲,中国,辽宁,辽阳,白塔区
亚洲,中国,辽宁,辽阳,文圣区
亚洲,中国,辽宁,辽阳,宏伟区
亚洲,中国,辽宁,辽阳,弓长岭区
亚洲,中国,辽宁,辽阳,太子河区
亚洲,中国,辽宁,辽阳,辽阳县
亚洲,中国,辽宁,辽阳,灯塔市
亚洲,中国,辽宁,盘锦,双台子区
亚洲,中国,辽宁,盘锦,兴隆台区
亚洲,中国,辽宁,盘锦,大洼县
亚洲,中国,辽宁,盘锦,盘山县
亚洲,中国,辽宁,铁岭,银州区
亚洲,中国,辽宁,铁岭,清河区
亚洲,中国,辽宁,铁岭,铁岭县
亚洲,中国,辽宁,铁岭,西丰县
亚洲,中国,辽宁,铁岭,昌图县
亚洲,中国,辽宁,铁岭,调兵山市
亚洲,中国,辽宁,铁岭,开原市
亚洲,中国,辽宁,朝阳,双塔区
亚洲,中国,辽宁,朝阳,龙城区
亚洲,中国,辽宁,朝阳,朝阳县
亚洲,中国,辽宁,朝阳,建平县
亚洲,中国,辽宁,朝阳,喀喇沁左翼蒙古族自治县
亚洲,中国,辽宁,朝阳,北票市
亚洲,中国,辽宁,朝阳,凌源市
亚洲,中国,辽宁,葫芦岛,连山区
亚洲,中国,辽宁,葫芦岛,龙港区
亚洲,中国,辽宁,葫芦岛,南票区
亚洲,中国,辽宁,葫芦岛,绥中县
亚洲,中国,辽宁,葫芦岛,建昌县
亚洲,中国,辽宁,葫芦岛,兴城市
亚洲,中国,吉林,长春,南关区
亚洲,中国,吉林,长春,宽城区
亚洲,中国,吉林,长春,朝阳区
亚洲,中国,吉林,长春,二道区
亚洲,中国,吉林,长春,绿园区
亚洲,中国,吉林,长春,双阳区
亚洲,中国,吉林,长春,农安县
亚洲,中国,吉林,长春,九台市
亚洲,中国,吉林,长春,榆树市
亚洲,中国,吉林,长春,德惠市
亚洲,中国,吉林,吉林,昌邑区
亚洲,中国,吉林,吉林,龙潭区
亚洲,中国,吉林,吉林,船营区
亚洲,中国,吉林,吉林,丰满区
亚洲,中国,吉林,吉林,永吉县
亚洲,中国,吉林,吉林,蛟河市
亚洲,中国,吉林,吉林,桦甸市
亚洲,中国,吉林,吉林,舒兰市
亚洲,中国,吉林,吉林,磐石市
亚洲,中国,吉林,四平,铁西区
亚洲,中国,吉林,四平,铁东区
亚洲,中国,吉林,四平,梨树县
亚洲,中国,吉林,四平,伊通满族自治县
亚洲,中国,吉林,四平,公主岭市
亚洲,中国,吉林,四平,双辽市
亚洲,中国,吉林,辽源,龙山区
亚洲,中国,吉林,辽源,西安区
亚洲,中国,吉林,辽源,东丰县
亚洲,中国,吉林,辽源,东辽县
亚洲,中国,吉林,通化,东昌区
亚洲,中国,吉林,通化,二道江区
亚洲,中国,吉林,通化,通化县
亚洲,中国,吉林,通化,辉南县
亚洲,中国,吉林,通化,柳河县
亚洲,中国,吉林,通化,梅河口市
亚洲,中国,吉林,通化,集安市
亚洲,中国,吉林,白山,八道江区
亚洲,中国,吉林,白山,江源区
亚洲,中国,吉林,白山,抚松县
亚洲,中国,吉林,白山,靖宇县
亚洲,中国,吉林,白山,长白朝鲜族自治县
亚洲,中国,吉林,白山,临江市
亚洲,中国,吉林,松原,宁江区
亚洲,中国,吉林,松原,前郭尔罗斯蒙古族自治县
亚洲,中国,吉林,松原,长岭县
亚洲,中国,吉林,松原,乾安县
亚洲,中国,吉林,松原,扶余县
亚洲,中国,吉林,白城,洮北区
亚洲,中国,吉林,白城,镇赉县
亚洲,中国,吉林,白城,通榆县
亚洲,中国,吉林,白城,洮南市
亚洲,中国,吉林,白城,大安市
亚洲,中国,吉林,延边,延吉市
亚洲,中国,吉林,延边,图们市
亚洲,中国,吉林,延边,敦化市
亚洲,中国,吉林,延边,珲春市
亚洲,中国,吉林,延边,龙井市
亚洲,中国,吉林,延边,和龙市
亚洲,中国,吉林,延边,汪清县
亚洲,中国,吉林,延边,安图县
亚洲,中国,黑龙江,哈尔滨,道里区
亚洲,中国,黑龙江,哈尔滨,南岗区
亚洲,中国,黑龙江,哈尔滨,道外区
亚洲,中国,黑龙江,哈尔滨,平房区
亚洲,中国,黑龙江,哈尔滨,松北区
亚洲,中国,黑龙江,哈尔滨,香坊区
亚洲,中国,黑龙江,哈尔滨,呼兰区
亚洲,中国,黑龙江,哈尔滨,阿城区
亚洲,中国,黑龙江,哈尔滨,依兰县
亚洲,中国,黑龙江,哈尔滨,方正县
亚洲,中国,黑龙江,哈尔滨,宾县
亚洲,中国,黑龙江,哈尔滨,巴彦县
亚洲,中国,黑龙江,哈尔滨,木兰县
亚洲,中国,黑龙江,哈尔滨,通河县
亚洲,中国,黑龙江,哈尔滨,延寿县
亚洲,中国,黑龙江,哈尔滨,双城市
亚洲,中国,黑龙江,哈尔滨,尚志市
亚洲,中国,黑龙江,哈尔滨,五常市
亚洲,中国,黑龙江,齐齐哈尔,龙沙区
亚洲,中国,黑龙江,齐齐哈尔,建华区
亚洲,中国,黑龙江,齐齐哈尔,铁锋区
亚洲,中国,黑龙江,齐齐哈尔,昂昂溪区
亚洲,中国,黑龙江,齐齐哈尔,富拉尔基区
亚洲,中国,黑龙江,齐齐哈尔,碾子山区
亚洲,中国,黑龙江,齐齐哈尔,梅里斯达斡尔族区
亚洲,中国,黑龙江,齐齐哈尔,龙江县
亚洲,中国,黑龙江,齐齐哈尔,依安县
亚洲,中国,黑龙江,齐齐哈尔,泰来县
亚洲,中国,黑龙江,齐齐哈尔,甘南县
亚洲,中国,黑龙江,齐齐哈尔,富裕县
亚洲,中国,黑龙江,齐齐哈尔,克山县
亚洲,中国,黑龙江,齐齐哈尔,克东县
亚洲,中国,黑龙江,齐齐哈尔,拜泉县
亚洲,中国,黑龙江,齐齐哈尔,讷河市
亚洲,中国,黑龙江,鸡西,鸡冠区
亚洲,中国,黑龙江,鸡西,恒山区
亚洲,中国,黑龙江,鸡西,滴道区
亚洲,中国,黑龙江,鸡西,梨树区
亚洲,中国,黑龙江,鸡西,城子河区
亚洲,中国,黑龙江,鸡西,麻山区
亚洲,中国,黑龙江,鸡西,鸡东县
亚洲,中国,黑龙江,鸡西,虎林市
亚洲,中国,黑龙江,鸡西,密山市
亚洲,中国,黑龙江,鹤岗,向阳区
亚洲,中国,黑龙江,鹤岗,工农区
亚洲,中国,黑龙江,鹤岗,南山区
亚洲,中国,黑龙江,鹤岗,兴安区
亚洲,中国,黑龙江,鹤岗,东山区
亚洲,中国,黑龙江,鹤岗,兴山区
亚洲,中国,黑龙江,鹤岗,萝北县
亚洲,中国,黑龙江,鹤岗,绥滨县
亚洲,中国,黑龙江,双鸭山,尖山区
亚洲,中国,黑龙江,双鸭山,岭东区
亚洲,中国,黑龙江,双鸭山,四方台区
亚洲,中国,黑龙江,双鸭山,宝山区
亚洲,中国,黑龙江,双鸭山,集贤县
亚洲,中国,黑龙江,双鸭山,友谊县
亚洲,中国,黑龙江,双鸭山,宝清县
亚洲,中国,黑龙江,双鸭山,饶河县
亚洲,中国,黑龙江,大庆,萨尔图区
亚洲,中国,黑龙江,大庆,龙凤区
亚洲,中国,黑龙江,大庆,让胡路区
亚洲,中国,黑龙江,大庆,红岗区
亚洲,中国,黑龙江,大庆,大同区
亚洲,中国,黑龙江,大庆,肇州县
亚洲,中国,黑龙江,大庆,肇源县
亚洲,中国,黑龙江,大庆,林甸县
亚洲,中国,黑龙江,大庆,杜尔伯特蒙古族自治县
亚洲,中国,黑龙江,伊春,伊春区
亚洲,中国,黑龙江,伊春,南岔区
亚洲,中国,黑龙江,伊春,友好区
亚洲,中国,黑龙江,伊春,西林区
亚洲,中国,黑龙江,伊春,翠峦区
亚洲,中国,黑龙江,伊春,新青区
亚洲,中国,黑龙江,伊春,美溪区
亚洲,中国,黑龙江,伊春,金山屯区
亚洲,中国,黑龙江,伊春,五营区
亚洲,中国,黑龙江,伊春,乌马河区
亚洲,中国,黑龙江,伊春,汤旺河区
亚洲,中国,黑龙江,伊春,带岭区
亚洲,中国,黑龙江,伊春,乌伊岭区
亚洲,中国,黑龙江,伊春,红星区
亚洲,中国,黑龙江,伊春,上甘岭区
亚洲,中国,黑龙江,伊春,嘉荫县
亚洲,中国,黑龙江,伊春,铁力市
亚洲,中国,黑龙江,佳木斯,向阳区
亚洲,中国,黑龙江,佳木斯,前进区
亚洲,中国,黑龙江,佳木斯,东风区
亚洲,中国,黑龙江,佳木斯,郊区
亚洲,中国,黑龙江,佳木斯,桦南县
亚洲,中国,黑龙江,佳木斯,桦川县
亚洲,中国,黑龙江,佳木斯,汤原县
亚洲,中国,黑龙江,佳木斯,抚远县
亚洲,中国,黑龙江,佳木斯,同江市
亚洲,中国,黑龙江,佳木斯,富锦市
亚洲,中国,黑龙江,七台河,新兴区
亚洲,中国,黑龙江,七台河,桃山区
亚洲,中国,黑龙江,七台河,茄子河区
亚洲,中国,黑龙江,七台河,勃利县
亚洲,中国,黑龙江,牡丹江,东安区
亚洲,中国,黑龙江,牡丹江,阳明区
亚洲,中国,黑龙江,牡丹江,爱民区
亚洲,中国,黑龙江,牡丹江,西安区
亚洲,中国,黑龙江,牡丹江,东宁县
亚洲,中国,黑龙江,牡丹江,林口县
亚洲,中国,黑龙江,牡丹江,绥芬河市
亚洲,中国,黑龙江,牡丹江,海林市
亚洲,中国,黑龙江,牡丹江,宁安市
亚洲,中国,黑龙江,牡丹江,穆棱市
亚洲,中国,黑龙江,黑河,爱辉区
亚洲,中国,黑龙江,黑河,嫩江县
亚洲,中国,黑龙江,黑河,逊克县
亚洲,中国,黑龙江,黑河,孙吴县
亚洲,中国,黑龙江,黑河,北安市
亚洲,中国,黑龙江,黑河,五大连池市
亚洲,中国,黑龙江,绥化,北林区
亚洲,中国,黑龙江,绥化,望奎县
亚洲,中国,黑龙江,绥化,兰西县
亚洲,中国,黑龙江,绥化,青冈县
亚洲,中国,黑龙江,绥化,庆安县
亚洲,中国,黑龙江,绥化,明水县
亚洲,中国,黑龙江,绥化,绥棱县
亚洲,中国,黑龙江,绥化,安达市
亚洲,中国,黑龙江,绥化,肇东市
亚洲,中国,黑龙江,绥化,海伦市
亚洲,中国,黑龙江,大兴安岭,呼玛县
亚洲,中国,黑龙江,大兴安岭,塔河县
亚洲,中国,黑龙江,大兴安岭,漠河县
亚洲,中国,,上海,黄浦
亚洲,中国,,上海,卢湾
亚洲,中国,,上海,徐汇
亚洲,中国,,上海,长宁
亚洲,中国,,上海,静安
亚洲,中国,,上海,普陀
亚洲,中国,,上海,闸北
亚洲,中国,,上海,虹口
亚洲,中国,,上海,杨浦
亚洲,中国,,上海,闵行
亚洲,中国,,上海,宝山
亚洲,中国,,上海,嘉定
亚洲,中国,,上海,浦东新区
亚洲,中国,,上海,金山
亚洲,中国,,上海,松江
亚洲,中国,,上海,奉贤
亚洲,中国,,上海,青浦
亚洲,中国,,上海,崇明
亚洲,中国,江苏,南京,玄武区
亚洲,中国,江苏,南京,白下区
亚洲,中国,江苏,南京,秦淮区
亚洲,中国,江苏,南京,建邺区
亚洲,中国,江苏,南京,鼓楼区
亚洲,中国,江苏,南京,下关区
亚洲,中国,江苏,南京,浦口区
亚洲,中国,江苏,南京,栖霞区
亚洲,中国,江苏,南京,雨花台区
亚洲,中国,江苏,南京,江宁区
亚洲,中国,江苏,南京,六合区
亚洲,中国,江苏,南京,溧水县
亚洲,中国,江苏,南京,高淳县
亚洲,中国,江苏,无锡,崇安区
亚洲,中国,江苏,无锡,南长区
亚洲,中国,江苏,无锡,北塘区
亚洲,中国,江苏,无锡,锡山区
亚洲,中国,江苏,无锡,惠山区
亚洲,中国,江苏,无锡,滨湖区
亚洲,中国,江苏,无锡,江阴市
亚洲,中国,江苏,无锡,宜兴市
亚洲,中国,江苏,徐州,鼓楼区
亚洲,中国,江苏,徐州,云龙区
亚洲,中国,江苏,徐州,九里区
亚洲,中国,江苏,徐州,贾汪区
亚洲,中国,江苏,徐州,泉山区
亚洲,中国,江苏,徐州,丰县
亚洲,中国,江苏,徐州,沛县
亚洲,中国,江苏,徐州,铜山县
亚洲,中国,江苏,徐州,睢宁县
亚洲,中国,江苏,徐州,新沂市
亚洲,中国,江苏,徐州,邳州市
亚洲,中国,江苏,常州,天宁区
亚洲,中国,江苏,常州,钟楼区
亚洲,中国,江苏,常州,戚墅堰区
亚洲,中国,江苏,常州,新北区
亚洲,中国,江苏,常州,武进区
亚洲,中国,江苏,常州,溧阳市
亚洲,中国,江苏,常州,金坛市
亚洲,中国,江苏,苏州,姑苏区
亚洲,中国,江苏,苏州,虎丘区
亚洲,中国,江苏,苏州,吴中区
亚洲,中国,江苏,苏州,相城区
亚洲,中国,江苏,苏州,吴江区
亚洲,中国,江苏,苏州,常熟市
亚洲,中国,江苏,苏州,张家港市
亚洲,中国,江苏,苏州,昆山市
亚洲,中国,江苏,苏州,太仓市
亚洲,中国,江苏,南通,崇川区
亚洲,中国,江苏,南通,港闸区
亚洲,中国,江苏,南通,海安县
亚洲,中国,江苏,南通,如东县
亚洲,中国,江苏,南通,启东市
亚洲,中国,江苏,南通,如皋市
亚洲,中国,江苏,南通,通州市
亚洲,中国,江苏,南通,海门市
亚洲,中国,江苏,连云港,连云区
亚洲,中国,江苏,连云港,新浦区
亚洲,中国,江苏,连云港,海州区
亚洲,中国,江苏,连云港,赣榆县
亚洲,中国,江苏,连云港,东海县
亚洲,中国,江苏,连云港,灌云县
亚洲,中国,江苏,连云港,灌南县
亚洲,中国,江苏,淮安,清河区
亚洲,中国,江苏,淮安,淮安区
亚洲,中国,江苏,淮安,淮阴区
亚洲,中国,江苏,淮安,清浦区
亚洲,中国,江苏,淮安,涟水县
亚洲,中国,江苏,淮安,洪泽县
亚洲,中国,江苏,淮安,盱眙县
亚洲,中国,江苏,淮安,金湖县
亚洲,中国,江苏,盐城,亭湖区
亚洲,中国,江苏,盐城,盐都区
亚洲,中国,江苏,盐城,响水县
亚洲,中国,江苏,盐城,滨海县
亚洲,中国,江苏,盐城,阜宁县
亚洲,中国,江苏,盐城,射阳县
亚洲,中国,江苏,盐城,建湖县
亚洲,中国,江苏,盐城,东台市
亚洲,中国,江苏,盐城,大丰市
亚洲,中国,江苏,扬州,广陵区
亚洲,中国,江苏,扬州,邗江区
亚洲,中国,江苏,扬州,维扬区
亚洲,中国,江苏,扬州,宝应县
亚洲,中国,江苏,扬州,仪征市
亚洲,中国,江苏,扬州,高邮市
亚洲,中国,江苏,扬州,江都市
亚洲,中国,江苏,镇江,京口区
亚洲,中国,江苏,镇江,润州区
亚洲,中国,江苏,镇江,丹徒区
亚洲,中国,江苏,镇江,丹阳市
亚洲,中国,江苏,镇江,扬中市
亚洲,中国,江苏,镇江,句容市
亚洲,中国,江苏,泰州,海陵区
亚洲,中国,江苏,泰州,高港区
亚洲,中国,江苏,泰州,兴化市
亚洲,中国,江苏,泰州,靖江市
亚洲,中国,江苏,泰州,泰兴市
亚洲,中国,江苏,泰州,姜堰市
亚洲,中国,江苏,宿迁,宿城区
亚洲,中国,江苏,宿迁,宿豫区
亚洲,中国,江苏,宿迁,沭阳县
亚洲,中国,江苏,宿迁,泗阳县
亚洲,中国,江苏,宿迁,泗洪县
亚洲,中国,浙江,杭州,上城区
亚洲,中国,浙江,杭州,下城区
亚洲,中国,浙江,杭州,江干区
亚洲,中国,浙江,杭州,拱墅区
亚洲,中国,浙江,杭州,西湖区
亚洲,中国,浙江,杭州,滨江区
亚洲,中国,浙江,杭州,萧山区
亚洲,中国,浙江,杭州,余杭区
亚洲,中国,浙江,杭州,桐庐县
亚洲,中国,浙江,杭州,淳安县
亚洲,中国,浙江,杭州,建德市
亚洲,中国,浙江,杭州,富阳市
亚洲,中国,浙江,杭州,临安市
亚洲,中国,浙江,宁波,海曙区
亚洲,中国,浙江,宁波,江东区
亚洲,中国,浙江,宁波,江北区
亚洲,中国,浙江,宁波,北仑区
亚洲,中国,浙江,宁波,镇海区
亚洲,中国,浙江,宁波,鄞州区
亚洲,中国,浙江,宁波,象山县
亚洲,中国,浙江,宁波,宁海县
亚洲,中国,浙江,宁波,余姚市
亚洲,中国,浙江,宁波,慈溪市
亚洲,中国,浙江,宁波,奉化市
亚洲,中国,浙江,温州,鹿城区
亚洲,中国,浙江,温州,龙湾区
亚洲,中国,浙江,温州,瓯海区
亚洲,中国,浙江,温州,洞头县
亚洲,中国,浙江,温州,永嘉县
亚洲,中国,浙江,温州,平阳县
亚洲,中国,浙江,温州,苍南县
亚洲,中国,浙江,温州,文成县
亚洲,中国,浙江,温州,泰顺县
亚洲,中国,浙江,温州,瑞安市
亚洲,中国,浙江,温州,乐清市
亚洲,中国,浙江,嘉兴,南湖区
亚洲,中国,浙江,嘉兴,秀洲区
亚洲,中国,浙江,嘉兴,嘉善县
亚洲,中国,浙江,嘉兴,海盐县
亚洲,中国,浙江,嘉兴,海宁市
亚洲,中国,浙江,嘉兴,平湖市
亚洲,中国,浙江,嘉兴,桐乡市
亚洲,中国,浙江,湖州,吴兴区
亚洲,中国,浙江,湖州,南浔区
亚洲,中国,浙江,湖州,德清县
亚洲,中国,浙江,湖州,长兴县
亚洲,中国,浙江,湖州,安吉县
亚洲,中国,浙江,绍兴,越城区
亚洲,中国,浙江,绍兴,绍兴县
亚洲,中国,浙江,绍兴,新昌县
亚洲,中国,浙江,绍兴,诸暨市
亚洲,中国,浙江,绍兴,上虞市
亚洲,中国,浙江,绍兴,嵊州市
亚洲,中国,浙江,金华,婺城区
亚洲,中国,浙江,金华,金东区
亚洲,中国,浙江,金华,武义县
亚洲,中国,浙江,金华,浦江县
亚洲,中国,浙江,金华,磐安县
亚洲,中国,浙江,金华,兰溪市
亚洲,中国,浙江,金华,义乌市
亚洲,中国,浙江,金华,东阳市
亚洲,中国,浙江,金华,永康市
亚洲,中国,浙江,衢州,柯城区
亚洲,中国,浙江,衢州,衢江区
亚洲,中国,浙江,衢州,常山县
亚洲,中国,浙江,衢州,开化县
亚洲,中国,浙江,衢州,龙游县
亚洲,中国,浙江,衢州,江山市
亚洲,中国,浙江,舟山,定海区
亚洲,中国,浙江,舟山,普陀区
亚洲,中国,浙江,舟山,岱山县
亚洲,中国,浙江,舟山,嵊泗县
亚洲,中国,浙江,台州,椒江区
亚洲,中国,浙江,台州,黄岩区
亚洲,中国,浙江,台州,路桥区
亚洲,中国,浙江,台州,玉环县
亚洲,中国,浙江,台州,三门县
亚洲,中国,浙江,台州,天台县
亚洲,中国,浙江,台州,仙居县
亚洲,中国,浙江,台州,温岭市
亚洲,中国,浙江,台州,临海市
亚洲,中国,浙江,丽水,莲都区
亚洲,中国,浙江,丽水,青田县
亚洲,中国,浙江,丽水,缙云县
亚洲,中国,浙江,丽水,遂昌县
亚洲,中国,浙江,丽水,松阳县
亚洲,中国,浙江,丽水,云和县
亚洲,中国,浙江,丽水,庆元县
亚洲,中国,浙江,丽水,景宁畲族自治县
亚洲,中国,浙江,丽水,龙泉市
亚洲,中国,安徽,合肥,瑶海区
亚洲,中国,安徽,合肥,庐阳区
亚洲,中国,安徽,合肥,蜀山区
亚洲,中国,安徽,合肥,包河区
亚洲,中国,安徽,合肥,长丰县
亚洲,中国,安徽,合肥,肥东县
亚洲,中国,安徽,合肥,肥西县
亚洲,中国,安徽,合肥,庐江县
亚洲,中国,安徽,合肥,巢湖市
亚洲,中国,安徽,芜湖,镜湖区
亚洲,中国,安徽,芜湖,弋江区
亚洲,中国,安徽,芜湖,鸠江区
亚洲,中国,安徽,芜湖,三山区
亚洲,中国,安徽,芜湖,芜湖县
亚洲,中国,安徽,芜湖,繁昌县
亚洲,中国,安徽,芜湖,南陵县
亚洲,中国,安徽,芜湖,无为县
亚洲,中国,安徽,蚌埠,龙子湖区
亚洲,中国,安徽,蚌埠,蚌山区
亚洲,中国,安徽,蚌埠,禹会区
亚洲,中国,安徽,蚌埠,淮上区
亚洲,中国,安徽,蚌埠,怀远县
亚洲,中国,安徽,蚌埠,五河县
亚洲,中国,安徽,蚌埠,固镇县
亚洲,中国,安徽,淮南,大通区
亚洲,中国,安徽,淮南,田家庵区
亚洲,中国,安徽,淮南,谢家集区
亚洲,中国,安徽,淮南,八公山区
亚洲,中国,安徽,淮南,潘集区
亚洲,中国,安徽,淮南,凤台县
亚洲,中国,安徽,马鞍山,花山区
亚洲,中国,安徽,马鞍山,雨山区
亚洲,中国,安徽,马鞍山,博望区
亚洲,中国,安徽,马鞍山,当涂县
亚洲,中国,安徽,马鞍山,含山县
亚洲,中国,安徽,马鞍山,和县
亚洲,中国,安徽,淮北,杜集区
亚洲,中国,安徽,淮北,相山区
亚洲,中国,安徽,淮北,烈山区
亚洲,中国,安徽,淮北,濉溪县
亚洲,中国,安徽,铜陵,铜官山区
亚洲,中国,安徽,铜陵,狮子山区
亚洲,中国,安徽,铜陵,郊区
亚洲,中国,安徽,铜陵,铜陵县
亚洲,中国,安徽,安庆,迎江区
亚洲,中国,安徽,安庆,大观区
亚洲,中国,安徽,安庆,宜秀区
亚洲,中国,安徽,安庆,怀宁县
亚洲,中国,安徽,安庆,枞阳县
亚洲,中国,安徽,安庆,潜山县
亚洲,中国,安徽,安庆,太湖县
亚洲,中国,安徽,安庆,宿松县
亚洲,中国,安徽,安庆,望江县
亚洲,中国,安徽,安庆,岳西县
亚洲,中国,安徽,安庆,桐城市
亚洲,中国,安徽,黄山,屯溪区
亚洲,中国,安徽,黄山,黄山区
亚洲,中国,安徽,黄山,徽州区
亚洲,中国,安徽,黄山,歙县
亚洲,中国,安徽,黄山,休宁县
亚洲,中国,安徽,黄山,黟县
亚洲,中国,安徽,黄山,祁门县
亚洲,中国,安徽,滁州,琅琊区
亚洲,中国,安徽,滁州,南谯区
亚洲,中国,安徽,滁州,来安县
亚洲,中国,安徽,滁州,全椒县
亚洲,中国,安徽,滁州,定远县
亚洲,中国,安徽,滁州,凤阳县
亚洲,中国,安徽,滁州,天长市
亚洲,中国,安徽,滁州,明光市
亚洲,中国,安徽,阜阳,颍州区
亚洲,中国,安徽,阜阳,颍东区
亚洲,中国,安徽,阜阳,颍泉区
亚洲,中国,安徽,阜阳,临泉县
亚洲,中国,安徽,阜阳,太和县
亚洲,中国,安徽,阜阳,阜南县
亚洲,中国,安徽,阜阳,颍上县
亚洲,中国,安徽,阜阳,界首市
亚洲,中国,安徽,宿州,埇桥区
亚洲,中国,安徽,宿州,砀山县
亚洲,中国,安徽,宿州,萧县
亚洲,中国,安徽,宿州,灵璧县
亚洲,中国,安徽,宿州,泗县
亚洲,中国,安徽,六安,金安区
亚洲,中国,安徽,六安,裕安区
亚洲,中国,安徽,六安,寿县
亚洲,中国,安徽,六安,霍邱县
亚洲,中国,安徽,六安,舒城县
亚洲,中国,安徽,六安,金寨县
亚洲,中国,安徽,六安,霍山县
亚洲,中国,安徽,亳州,谯城区
亚洲,中国,安徽,亳州,涡阳县
亚洲,中国,安徽,亳州,蒙城县
亚洲,中国,安徽,亳州,利辛县
亚洲,中国,安徽,池州,贵池区
亚洲,中国,安徽,池州,东至县
亚洲,中国,安徽,池州,石台县
亚洲,中国,安徽,池州,青阳县
亚洲,中国,安徽,宣城,宣州区
亚洲,中国,安徽,宣城,郎溪县
亚洲,中国,安徽,宣城,广德县
亚洲,中国,安徽,宣城,泾县
亚洲,中国,安徽,宣城,绩溪县
亚洲,中国,安徽,宣城,旌德县
亚洲,中国,安徽,宣城,宁国市
亚洲,中国,福建,福州,鼓楼区
亚洲,中国,福建,福州,台江区
亚洲,中国,福建,福州,仓山区
亚洲,中国,福建,福州,马尾区
亚洲,中国,福建,福州,晋安区
亚洲,中国,福建,福州,闽侯县
亚洲,中国,福建,福州,连江县
亚洲,中国,福建,福州,罗源县
亚洲,中国,福建,福州,闽清县
亚洲,中国,福建,福州,永泰县
亚洲,中国,福建,福州,平潭县
亚洲,中国,福建,福州,福清市
亚洲,中国,福建,福州,长乐市
亚洲,中国,福建,厦门,思明区
亚洲,中国,福建,厦门,海沧区
亚洲,中国,福建,厦门,湖里区
亚洲,中国,福建,厦门,集美区
亚洲,中国,福建,厦门,同安区
亚洲,中国,福建,厦门,翔安区
亚洲,中国,福建,莆田,城厢区
亚洲,中国,福建,莆田,涵江区
亚洲,中国,福建,莆田,荔城区
亚洲,中国,福建,莆田,秀屿区
亚洲,中国,福建,莆田,仙游县
亚洲,中国,福建,三明,梅列区
亚洲,中国,福建,三明,三元区
亚洲,中国,福建,三明,明溪县
亚洲,中国,福建,三明,清流县
亚洲,中国,福建,三明,宁化县
亚洲,中国,福建,三明,大田县
亚洲,中国,福建,三明,尤溪县
亚洲,中国,福建,三明,沙县
亚洲,中国,福建,三明,将乐县
亚洲,中国,福建,三明,泰宁县
亚洲,中国,福建,三明,建宁县
亚洲,中国,福建,三明,永安市
亚洲,中国,福建,泉州,鲤城区
亚洲,中国,福建,泉州,丰泽区
亚洲,中国,福建,泉州,洛江区
亚洲,中国,福建,泉州,泉港区
亚洲,中国,福建,泉州,惠安县
亚洲,中国,福建,泉州,安溪县
亚洲,中国,福建,泉州,永春县
亚洲,中国,福建,泉州,德化县
亚洲,中国,福建,泉州,金门县
亚洲,中国,福建,泉州,石狮市
亚洲,中国,福建,泉州,晋江市
亚洲,中国,福建,泉州,南安市
亚洲,中国,福建,漳州,芗城区
亚洲,中国,福建,漳州,龙文区
亚洲,中国,福建,漳州,云霄县
亚洲,中国,福建,漳州,漳浦县
亚洲,中国,福建,漳州,诏安县
亚洲,中国,福建,漳州,长泰县
亚洲,中国,福建,漳州,东山县
亚洲,中国,福建,漳州,南靖县
亚洲,中国,福建,漳州,平和县
亚洲,中国,福建,漳州,华安县
亚洲,中国,福建,漳州,龙海市
亚洲,中国,福建,南平,延平区
亚洲,中国,福建,南平,顺昌县
亚洲,中国,福建,南平,浦城县
亚洲,中国,福建,南平,光泽县
亚洲,中国,福建,南平,松溪县
亚洲,中国,福建,南平,政和县
亚洲,中国,福建,南平,邵武市
亚洲,中国,福建,南平,武夷山市
亚洲,中国,福建,南平,建瓯市
亚洲,中国,福建,南平,建阳市
亚洲,中国,福建,龙岩,新罗区
亚洲,中国,福建,龙岩,长汀县
亚洲,中国,福建,龙岩,永定县
亚洲,中国,福建,龙岩,上杭县
亚洲,中国,福建,龙岩,武平县
亚洲,中国,福建,龙岩,连城县
亚洲,中国,福建,龙岩,漳平市
亚洲,中国,福建,宁德,蕉城区
亚洲,中国,福建,宁德,霞浦县
亚洲,中国,福建,宁德,古田县
亚洲,中国,福建,宁德,屏南县
亚洲,中国,福建,宁德,寿宁县
亚洲,中国,福建,宁德,周宁县
亚洲,中国,福建,宁德,柘荣县
亚洲,中国,福建,宁德,福安市
亚洲,中国,福建,宁德,福鼎市
亚洲,中国,江西,南昌,东湖区
亚洲,中国,江西,南昌,西湖区
亚洲,中国,江西,南昌,青云谱区
亚洲,中国,江西,南昌,湾里区
亚洲,中国,江西,南昌,青山湖区
亚洲,中国,江西,南昌,南昌县
亚洲,中国,江西,南昌,新建县
亚洲,中国,江西,南昌,安义县
亚洲,中国,江西,南昌,进贤县
亚洲,中国,江西,景德镇,昌江区
亚洲,中国,江西,景德镇,珠山区
亚洲,中国,江西,景德镇,浮梁县
亚洲,中国,江西,景德镇,乐平市
亚洲,中国,江西,萍乡,安源区
亚洲,中国,江西,萍乡,湘东区
亚洲,中国,江西,萍乡,莲花县
亚洲,中国,江西,萍乡,上栗县
亚洲,中国,江西,萍乡,芦溪县
亚洲,中国,江西,九江,庐山区
亚洲,中国,江西,九江,浔阳区
亚洲,中国,江西,九江,九江县
亚洲,中国,江西,九江,武宁县
亚洲,中国,江西,九江,修水县
亚洲,中国,江西,九江,永修县
亚洲,中国,江西,九江,德安县
亚洲,中国,江西,九江,星子县
亚洲,中国,江西,九江,都昌县
亚洲,中国,江西,九江,湖口县
亚洲,中国,江西,九江,彭泽县
亚洲,中国,江西,九江,瑞昌市
亚洲,中国,江西,新余,渝水区
亚洲,中国,江西,新余,分宜县
亚洲,中国,江西,鹰潭,月湖区
亚洲,中国,江西,鹰潭,余江县
亚洲,中国,江西,鹰潭,贵溪市
亚洲,中国,江西,赣州,章贡区
亚洲,中国,江西,赣州,赣县
亚洲,中国,江西,赣州,信丰县
亚洲,中国,江西,赣州,大余县
亚洲,中国,江西,赣州,上犹县
亚洲,中国,江西,赣州,崇义县
亚洲,中国,江西,赣州,安远县
亚洲,中国,江西,赣州,龙南县
亚洲,中国,江西,赣州,定南县
亚洲,中国,江西,赣州,全南县
亚洲,中国,江西,赣州,宁都县
亚洲,中国,江西,赣州,于都县
亚洲,中国,江西,赣州,兴国县
亚洲,中国,江西,赣州,会昌县
亚洲,中国,江西,赣州,寻乌县
亚洲,中国,江西,赣州,石城县
亚洲,中国,江西,赣州,瑞金市
亚洲,中国,江西,赣州,南康市
亚洲,中国,江西,吉安,吉州区
亚洲,中国,江西,吉安,青原区
亚洲,中国,江西,吉安,吉安县
亚洲,中国,江西,吉安,吉水县
亚洲,中国,江西,吉安,峡江县
亚洲,中国,江西,吉安,新干县
亚洲,中国,江西,吉安,永丰县
亚洲,中国,江西,吉安,泰和县
亚洲,中国,江西,吉安,遂川县
亚洲,中国,江西,吉安,万安县
亚洲,中国,江西,吉安,安福县
亚洲,中国,江西,吉安,永新县
亚洲,中国,江西,吉安,井冈山市
亚洲,中国,江西,宜春,袁州区
亚洲,中国,江西,宜春,奉新县
亚洲,中国,江西,宜春,万载县
亚洲,中国,江西,宜春,上高县
亚洲,中国,江西,宜春,宜丰县
亚洲,中国,江西,宜春,靖安县
亚洲,中国,江西,宜春,铜鼓县
亚洲,中国,江西,宜春,丰城市
亚洲,中国,江西,宜春,樟树市
亚洲,中国,江西,宜春,高安市
亚洲,中国,江西,抚州,临川区
亚洲,中国,江西,抚州,南城县
亚洲,中国,江西,抚州,黎川县
亚洲,中国,江西,抚州,南丰县
亚洲,中国,江西,抚州,崇仁县
亚洲,中国,江西,抚州,乐安县
亚洲,中国,江西,抚州,宜黄县
亚洲,中国,江西,抚州,金溪县
亚洲,中国,江西,抚州,资溪县
亚洲,中国,江西,抚州,东乡县
亚洲,中国,江西,抚州,广昌县
亚洲,中国,江西,上饶,信州区
亚洲,中国,江西,上饶,上饶县
亚洲,中国,江西,上饶,广丰县
亚洲,中国,江西,上饶,玉山县
亚洲,中国,江西,上饶,铅山县
亚洲,中国,江西,上饶,横峰县
亚洲,中国,江西,上饶,弋阳县
亚洲,中国,江西,上饶,余干县
亚洲,中国,江西,上饶,鄱阳县
亚洲,中国,江西,上饶,万年县
亚洲,中国,江西,上饶,婺源县
亚洲,中国,江西,上饶,德兴市
亚洲,中国,山东,济南,历下区
亚洲,中国,山东,济南,市中区
亚洲,中国,山东,济南,槐荫区
亚洲,中国,山东,济南,天桥区
亚洲,中国,山东,济南,历城区
亚洲,中国,山东,济南,长清区
亚洲,中国,山东,济南,平阴县
亚洲,中国,山东,济南,济阳县
亚洲,中国,山东,济南,商河县
亚洲,中国,山东,济南,章丘市
亚洲,中国,山东,青岛,市南区
亚洲,中国,山东,青岛,市北区
亚洲,中国,山东,青岛,四方区
亚洲,中国,山东,青岛,黄岛区
亚洲,中国,山东,青岛,崂山区
亚洲,中国,山东,青岛,李沧区
亚洲,中国,山东,青岛,城阳区
亚洲,中国,山东,青岛,胶州市
亚洲,中国,山东,青岛,即墨市
亚洲,中国,山东,青岛,平度市
亚洲,中国,山东,青岛,胶南市
亚洲,中国,山东,青岛,莱西市
亚洲,中国,山东,淄博,淄川区
亚洲,中国,山东,淄博,张店区
亚洲,中国,山东,淄博,博山区
亚洲,中国,山东,淄博,临淄区
亚洲,中国,山东,淄博,周村区
亚洲,中国,山东,淄博,桓台县
亚洲,中国,山东,淄博,高青县
亚洲,中国,山东,淄博,沂源县
亚洲,中国,山东,枣庄,市中区
亚洲,中国,山东,枣庄,薛城区
亚洲,中国,山东,枣庄,峄城区
亚洲,中国,山东,枣庄,台儿庄区
亚洲,中国,山东,枣庄,山亭区
亚洲,中国,山东,枣庄,滕州市
亚洲,中国,山东,东营,东营区
亚洲,中国,山东,东营,河口区
亚洲,中国,山东,东营,垦利县
亚洲,中国,山东,东营,利津县
亚洲,中国,山东,东营,广饶县
亚洲,中国,山东,烟台,芝罘区
亚洲,中国,山东,烟台,福山区
亚洲,中国,山东,烟台,牟平区
亚洲,中国,山东,烟台,莱山区
亚洲,中国,山东,烟台,长岛县
亚洲,中国,山东,烟台,龙口市
亚洲,中国,山东,烟台,莱阳市
亚洲,中国,山东,烟台,莱州市
亚洲,中国,山东,烟台,蓬莱市
亚洲,中国,山东,烟台,招远市
亚洲,中国,山东,烟台,栖霞市
亚洲,中国,山东,烟台,海阳市
亚洲,中国,山东,潍坊,潍城区
亚洲,中国,山东,潍坊,寒亭区
亚洲,中国,山东,潍坊,坊子区
亚洲,中国,山东,潍坊,奎文区
亚洲,中国,山东,潍坊,临朐县
亚洲,中国,山东,潍坊,昌乐县
亚洲,中国,山东,潍坊,青州市
亚洲,中国,山东,潍坊,诸城市
亚洲,中国,山东,潍坊,寿光市
亚洲,中国,山东,潍坊,安丘市
亚洲,中国,山东,潍坊,高密市
亚洲,中国,山东,潍坊,昌邑市
亚洲,中国,山东,济宁,市中区
亚洲,中国,山东,济宁,任城区
亚洲,中国,山东,济宁,微山县
亚洲,中国,山东,济宁,鱼台县
亚洲,中国,山东,济宁,金乡县
亚洲,中国,山东,济宁,嘉祥县
亚洲,中国,山东,济宁,汶上县
亚洲,中国,山东,济宁,泗水县
亚洲,中国,山东,济宁,梁山县
亚洲,中国,山东,济宁,曲阜市
亚洲,中国,山东,济宁,兖州市
亚洲,中国,山东,济宁,邹城市
亚洲,中国,山东,泰安,泰山区
亚洲,中国,山东,泰安,岱岳区
亚洲,中国,山东,泰安,宁阳县
亚洲,中国,山东,泰安,东平县
亚洲,中国,山东,泰安,新泰市
亚洲,中国,山东,泰安,肥城市
亚洲,中国,山东,威海,环翠区
亚洲,中国,山东,威海,文登市
亚洲,中国,山东,威海,荣成市
亚洲,中国,山东,威海,乳山市
亚洲,中国,山东,日照,东港区
亚洲,中国,山东,日照,岚山区
亚洲,中国,山东,日照,五莲县
亚洲,中国,山东,日照,莒县
亚洲,中国,山东,莱芜,莱城区
亚洲,中国,山东,莱芜,钢城区
亚洲,中国,山东,临沂,兰山区
亚洲,中国,山东,临沂,罗庄区
亚洲,中国,山东,临沂,河东区
亚洲,中国,山东,临沂,沂南县
亚洲,中国,山东,临沂,郯城县
亚洲,中国,山东,临沂,沂水县
亚洲,中国,山东,临沂,苍山县
亚洲,中国,山东,临沂,费县
亚洲,中国,山东,临沂,平邑县
亚洲,中国,山东,临沂,莒南县
亚洲,中国,山东,临沂,蒙阴县
亚洲,中国,山东,临沂,临沭县
亚洲,中国,山东,德州,德城区
亚洲,中国,山东,德州,陵县
亚洲,中国,山东,德州,宁津县
亚洲,中国,山东,德州,庆云县
亚洲,中国,山东,德州,临邑县
亚洲,中国,山东,德州,齐河县
亚洲,中国,山东,德州,平原县
亚洲,中国,山东,德州,夏津县
亚洲,中国,山东,德州,武城县
亚洲,中国,山东,德州,乐陵市
亚洲,中国,山东,德州,禹城市
亚洲,中国,山东,聊城,东昌府区
亚洲,中国,山东,聊城,阳谷县
亚洲,中国,山东,聊城,莘县
亚洲,中国,山东,聊城,茌平县
亚洲,中国,山东,聊城,东阿县
亚洲,中国,山东,聊城,冠县
亚洲,中国,山东,聊城,高唐县
亚洲,中国,山东,聊城,临清市
亚洲,中国,山东,滨州,滨城区
亚洲,中国,山东,滨州,惠民县
亚洲,中国,山东,滨州,阳信县
亚洲,中国,山东,滨州,无棣县
亚洲,中国,山东,滨州,沾化县
亚洲,中国,山东,滨州,博兴县
亚洲,中国,山东,滨州,邹平县
亚洲,中国,山东,菏泽,牡丹区
亚洲,中国,山东,菏泽,曹县
亚洲,中国,山东,菏泽,单县
亚洲,中国,山东,菏泽,成武县
亚洲,中国,山东,菏泽,巨野县
亚洲,中国,山东,菏泽,郓城县
亚洲,中国,山东,菏泽,鄄城县
亚洲,中国,山东,菏泽,定陶县
亚洲,中国,山东,菏泽,东明县
亚洲,中国,河南,郑州,中原区
亚洲,中国,河南,郑州,二七区
亚洲,中国,河南,郑州,管城回族区
亚洲,中国,河南,郑州,金水区
亚洲,中国,河南,郑州,上街区
亚洲,中国,河南,郑州,惠济区
亚洲,中国,河南,郑州,中牟县
亚洲,中国,河南,郑州,巩义市
亚洲,中国,河南,郑州,荥阳市
亚洲,中国,河南,郑州,新密市
亚洲,中国,河南,郑州,新郑市
亚洲,中国,河南,郑州,登封市
亚洲,中国,河南,开封,龙亭区
亚洲,中国,河南,开封,顺河回族区
亚洲,中国,河南,开封,鼓楼区
亚洲,中国,河南,开封,禹王台区
亚洲,中国,河南,开封,金明区
亚洲,中国,河南,开封,杞县
亚洲,中国,河南,开封,通许县
亚洲,中国,河南,开封,尉氏县
亚洲,中国,河南,开封,开封县
亚洲,中国,河南,开封,兰考县
亚洲,中国,河南,洛阳,老城区
亚洲,中国,河南,洛阳,西工区
亚洲,中国,河南,洛阳,瀍河回族区
亚洲,中国,河南,洛阳,涧西区
亚洲,中国,河南,洛阳,吉利区
亚洲,中国,河南,洛阳,洛龙区
亚洲,中国,河南,洛阳,孟津县
亚洲,中国,河南,洛阳,新安县
亚洲,中国,河南,洛阳,栾川县
亚洲,中国,河南,洛阳,嵩县
亚洲,中国,河南,洛阳,汝阳县
亚洲,中国,河南,洛阳,宜阳县
亚洲,中国,河南,洛阳,洛宁县
亚洲,中国,河南,洛阳,伊川县
亚洲,中国,河南,洛阳,偃师市
亚洲,中国,河南,平顶山,新华区
亚洲,中国,河南,平顶山,卫东区
亚洲,中国,河南,平顶山,石龙区
亚洲,中国,河南,平顶山,湛河区
亚洲,中国,河南,平顶山,宝丰县
亚洲,中国,河南,平顶山,叶县
亚洲,中国,河南,平顶山,鲁山县
亚洲,中国,河南,平顶山,郏县
亚洲,中国,河南,平顶山,舞钢市
亚洲,中国,河南,平顶山,汝州市
亚洲,中国,河南,安阳,文峰区
亚洲,中国,河南,安阳,北关区
亚洲,中国,河南,安阳,殷都区
亚洲,中国,河南,安阳,龙安区
亚洲,中国,河南,安阳,安阳县
亚洲,中国,河南,安阳,汤阴县
亚洲,中国,河南,安阳,滑县
亚洲,中国,河南,安阳,内黄县
亚洲,中国,河南,安阳,林州市
亚洲,中国,河南,鹤壁,鹤山区
亚洲,中国,河南,鹤壁,山城区
亚洲,中国,河南,鹤壁,淇滨区
亚洲,中国,河南,鹤壁,浚县
亚洲,中国,河南,鹤壁,淇县
亚洲,中国,河南,新乡,红旗区
亚洲,中国,河南,新乡,卫滨区
亚洲,中国,河南,新乡,凤泉区
亚洲,中国,河南,新乡,牧野区
亚洲,中国,河南,新乡,新乡县
亚洲,中国,河南,新乡,获嘉县
亚洲,中国,河南,新乡,原阳县
亚洲,中国,河南,新乡,延津县
亚洲,中国,河南,新乡,封丘县
亚洲,中国,河南,新乡,长垣县
亚洲,中国,河南,新乡,卫辉市
亚洲,中国,河南,新乡,辉县市
亚洲,中国,河南,焦作,解放区
亚洲,中国,河南,焦作,中站区
亚洲,中国,河南,焦作,马村区
亚洲,中国,河南,焦作,山阳区
亚洲,中国,河南,焦作,修武县
亚洲,中国,河南,焦作,博爱县
亚洲,中国,河南,焦作,武陟县
亚洲,中国,河南,焦作,温县
亚洲,中国,河南,焦作,沁阳市
亚洲,中国,河南,焦作,孟州市
亚洲,中国,河南,濮阳,华龙区
亚洲,中国,河南,濮阳,清丰县
亚洲,中国,河南,濮阳,南乐县
亚洲,中国,河南,濮阳,范县
亚洲,中国,河南,濮阳,台前县
亚洲,中国,河南,濮阳,濮阳县
亚洲,中国,河南,许昌,魏都区
亚洲,中国,河南,许昌,许昌县
亚洲,中国,河南,许昌,鄢陵县
亚洲,中国,河南,许昌,襄城县
亚洲,中国,河南,许昌,禹州市
亚洲,中国,河南,许昌,长葛市
亚洲,中国,河南,漯河,源汇区
亚洲,中国,河南,漯河,郾城区
亚洲,中国,河南,漯河,召陵区
亚洲,中国,河南,漯河,舞阳县
亚洲,中国,河南,漯河,临颍县
亚洲,中国,河南,三门峡,湖滨区
亚洲,中国,河南,三门峡,渑池县
亚洲,中国,河南,三门峡,陕县
亚洲,中国,河南,三门峡,卢氏县
亚洲,中国,河南,三门峡,义马市
亚洲,中国,河南,三门峡,灵宝市
亚洲,中国,河南,南阳,宛城区
亚洲,中国,河南,南阳,卧龙区
亚洲,中国,河南,南阳,南召县
亚洲,中国,河南,南阳,方城县
亚洲,中国,河南,南阳,西峡县
亚洲,中国,河南,南阳,镇平县
亚洲,中国,河南,南阳,内乡县
亚洲,中国,河南,南阳,淅川县
亚洲,中国,河南,南阳,社旗县
亚洲,中国,河南,南阳,唐河县
亚洲,中国,河南,南阳,新野县
亚洲,中国,河南,南阳,桐柏县
亚洲,中国,河南,南阳,邓州市
亚洲,中国,河南,商丘,梁园区
亚洲,中国,河南,商丘,睢阳区
亚洲,中国,河南,商丘,民权县
亚洲,中国,河南,商丘,睢县
亚洲,中国,河南,商丘,宁陵县
亚洲,中国,河南,商丘,柘城县
亚洲,中国,河南,商丘,虞城县
亚洲,中国,河南,商丘,夏邑县
亚洲,中国,河南,商丘,永城市
亚洲,中国,河南,信阳,浉河区
亚洲,中国,河南,信阳,平桥区
亚洲,中国,河南,信阳,罗山县
亚洲,中国,河南,信阳,光山县
亚洲,中国,河南,信阳,新县
亚洲,中国,河南,信阳,商城县
亚洲,中国,河南,信阳,固始县
亚洲,中国,河南,信阳,潢川县
亚洲,中国,河南,信阳,淮滨县
亚洲,中国,河南,信阳,息县
亚洲,中国,河南,周口,川汇区
亚洲,中国,河南,周口,扶沟县
亚洲,中国,河南,周口,西华县
亚洲,中国,河南,周口,商水县
亚洲,中国,河南,周口,沈丘县
亚洲,中国,河南,周口,郸城县
亚洲,中国,河南,周口,淮阳县
亚洲,中国,河南,周口,太康县
亚洲,中国,河南,周口,鹿邑县
亚洲,中国,河南,周口,项城市
亚洲,中国,河南,驻马店,驿城区
亚洲,中国,河南,驻马店,西平县
亚洲,中国,河南,驻马店,上蔡县
亚洲,中国,河南,驻马店,平舆县
亚洲,中国,河南,驻马店,正阳县
亚洲,中国,河南,驻马店,确山县
亚洲,中国,河南,驻马店,泌阳县
亚洲,中国,河南,驻马店,汝南县
亚洲,中国,河南,驻马店,遂平县
亚洲,中国,河南,驻马店,新蔡县
亚洲,中国,河南,济源,
亚洲,中国,湖北,武汉,江岸区
亚洲,中国,湖北,武汉,江汉区
亚洲,中国,湖北,武汉,硚口区
亚洲,中国,湖北,武汉,汉阳区
亚洲,中国,湖北,武汉,武昌区
亚洲,中国,湖北,武汉,青山区
亚洲,中国,湖北,武汉,洪山区
亚洲,中国,湖北,武汉,东西湖区
亚洲,中国,湖北,武汉,汉南区
亚洲,中国,湖北,武汉,蔡甸区
亚洲,中国,湖北,武汉,江夏区
亚洲,中国,湖北,武汉,黄陂区
亚洲,中国,湖北,武汉,新洲区
亚洲,中国,湖北,黄石,黄石港区
亚洲,中国,湖北,黄石,西塞山区
亚洲,中国,湖北,黄石,下陆区
亚洲,中国,湖北,黄石,铁山区
亚洲,中国,湖北,黄石,阳新县
亚洲,中国,湖北,黄石,大冶市
亚洲,中国,湖北,十堰,茅箭区
亚洲,中国,湖北,十堰,张湾区
亚洲,中国,湖北,十堰,郧县
亚洲,中国,湖北,十堰,郧西县
亚洲,中国,湖北,十堰,竹山县
亚洲,中国,湖北,十堰,竹溪县
亚洲,中国,湖北,十堰,房县
亚洲,中国,湖北,十堰,丹江口市
亚洲,中国,湖北,宜昌,西陵区
亚洲,中国,湖北,宜昌,伍家岗区
亚洲,中国,湖北,宜昌,点军区
亚洲,中国,湖北,宜昌,猇亭区
亚洲,中国,湖北,宜昌,夷陵区
亚洲,中国,湖北,宜昌,远安县
亚洲,中国,湖北,宜昌,兴山县
亚洲,中国,湖北,宜昌,秭归县
亚洲,中国,湖北,宜昌,长阳土家族自治县
亚洲,中国,湖北,宜昌,五峰土家族自治县
亚洲,中国,湖北,宜昌,宜都市
亚洲,中国,湖北,宜昌,当阳市
亚洲,中国,湖北,宜昌,枝江市
亚洲,中国,湖北,襄阳,襄城区
亚洲,中国,湖北,襄阳,樊城区
亚洲,中国,湖北,襄阳,襄州区
亚洲,中国,湖北,襄阳,南漳县
亚洲,中国,湖北,襄阳,谷城县
亚洲,中国,湖北,襄阳,保康县
亚洲,中国,湖北,襄阳,老河口市
亚洲,中国,湖北,襄阳,枣阳市
亚洲,中国,湖北,襄阳,宜城市
亚洲,中国,湖北,鄂州,梁子湖区
亚洲,中国,湖北,鄂州,华容区
亚洲,中国,湖北,鄂州,鄂城区
亚洲,中国,湖北,荆门,东宝区
亚洲,中国,湖北,荆门,掇刀区
亚洲,中国,湖北,荆门,京山县
亚洲,中国,湖北,荆门,沙洋县
亚洲,中国,湖北,荆门,钟祥市
亚洲,中国,湖北,孝感,孝南区
亚洲,中国,湖北,孝感,孝昌县
亚洲,中国,湖北,孝感,大悟县
亚洲,中国,湖北,孝感,云梦县
亚洲,中国,湖北,孝感,应城市
亚洲,中国,湖北,孝感,安陆市
亚洲,中国,湖北,孝感,汉川市
亚洲,中国,湖北,荆州,沙市区
亚洲,中国,湖北,荆州,荆州区
亚洲,中国,湖北,荆州,公安县
亚洲,中国,湖北,荆州,监利县
亚洲,中国,湖北,荆州,江陵县
亚洲,中国,湖北,荆州,石首市
亚洲,中国,湖北,荆州,洪湖市
亚洲,中国,湖北,荆州,松滋市
亚洲,中国,湖北,黄冈,黄州区
亚洲,中国,湖北,黄冈,团风县
亚洲,中国,湖北,黄冈,红安县
亚洲,中国,湖北,黄冈,罗田县
亚洲,中国,湖北,黄冈,英山县
亚洲,中国,湖北,黄冈,浠水县
亚洲,中国,湖北,黄冈,蕲春县
亚洲,中国,湖北,黄冈,黄梅县
亚洲,中国,湖北,黄冈,麻城市
亚洲,中国,湖北,黄冈,武穴市
亚洲,中国,湖北,咸宁,咸安区
亚洲,中国,湖北,咸宁,嘉鱼县
亚洲,中国,湖北,咸宁,通城县
亚洲,中国,湖北,咸宁,崇阳县
亚洲,中国,湖北,咸宁,通山县
亚洲,中国,湖北,咸宁,赤壁市
亚洲,中国,湖北,随州,曾都区
亚洲,中国,湖北,随州,随县
亚洲,中国,湖北,随州,广水市
亚洲,中国,湖北,恩施,恩施市
亚洲,中国,湖北,恩施,利川市
亚洲,中国,湖北,恩施,建始县
亚洲,中国,湖北,恩施,巴东县
亚洲,中国,湖北,恩施,宣恩县
亚洲,中国,湖北,恩施,咸丰县
亚洲,中国,湖北,恩施,来凤县
亚洲,中国,湖北,恩施,鹤峰县
亚洲,中国,湖北,仙桃,
亚洲,中国,湖北,潜江,
亚洲,中国,湖北,天门,
亚洲,中国,湖北,神农架,
亚洲,中国,湖南,长沙,芙蓉区
亚洲,中国,湖南,长沙,天心区
亚洲,中国,湖南,长沙,岳麓区
亚洲,中国,湖南,长沙,开福区
亚洲,中国,湖南,长沙,雨花区
亚洲,中国,湖南,长沙,长沙县
亚洲,中国,湖南,长沙,望城区
亚洲,中国,湖南,长沙,宁乡县
亚洲,中国,湖南,长沙,浏阳市
亚洲,中国,湖南,株洲,荷塘区
亚洲,中国,湖南,株洲,芦淞区
亚洲,中国,湖南,株洲,石峰区
亚洲,中国,湖南,株洲,天元区
亚洲,中国,湖南,株洲,株洲县
亚洲,中国,湖南,株洲,攸县
亚洲,中国,湖南,株洲,茶陵县
亚洲,中国,湖南,株洲,炎陵县
亚洲,中国,湖南,株洲,醴陵市
亚洲,中国,湖南,湘潭,雨湖区
亚洲,中国,湖南,湘潭,岳塘区
亚洲,中国,湖南,湘潭,湘潭县
亚洲,中国,湖南,湘潭,湘乡市
亚洲,中国,湖南,湘潭,韶山市
亚洲,中国,湖南,衡阳,珠晖区
亚洲,中国,湖南,衡阳,雁峰区
亚洲,中国,湖南,衡阳,石鼓区
亚洲,中国,湖南,衡阳,蒸湘区
亚洲,中国,湖南,衡阳,南岳区
亚洲,中国,湖南,衡阳,衡阳县
亚洲,中国,湖南,衡阳,衡南县
亚洲,中国,湖南,衡阳,衡山县
亚洲,中国,湖南,衡阳,衡东县
亚洲,中国,湖南,衡阳,祁东县
亚洲,中国,湖南,衡阳,耒阳市
亚洲,中国,湖南,衡阳,常宁市
亚洲,中国,湖南,邵阳,双清区
亚洲,中国,湖南,邵阳,大祥区
亚洲,中国,湖南,邵阳,北塔区
亚洲,中国,湖南,邵阳,邵东县
亚洲,中国,湖南,邵阳,新邵县
亚洲,中国,湖南,邵阳,邵阳县
亚洲,中国,湖南,邵阳,隆回县
亚洲,中国,湖南,邵阳,洞口县
亚洲,中国,湖南,邵阳,绥宁县
亚洲,中国,湖南,邵阳,新宁县
亚洲,中国,湖南,邵阳,城步苗族自治县
亚洲,中国,湖南,邵阳,武冈市
亚洲,中国,湖南,岳阳,岳阳楼区
亚洲,中国,湖南,岳阳,云溪区
亚洲,中国,湖南,岳阳,君山区
亚洲,中国,湖南,岳阳,岳阳县
亚洲,中国,湖南,岳阳,华容县
亚洲,中国,湖南,岳阳,湘阴县
亚洲,中国,湖南,岳阳,平江县
亚洲,中国,湖南,岳阳,汨罗市
亚洲,中国,湖南,岳阳,临湘市
亚洲,中国,湖南,常德,武陵区
亚洲,中国,湖南,常德,鼎城区
亚洲,中国,湖南,常德,安乡县
亚洲,中国,湖南,常德,汉寿县
亚洲,中国,湖南,常德,澧县
亚洲,中国,湖南,常德,临澧县
亚洲,中国,湖南,常德,桃源县
亚洲,中国,湖南,常德,石门县
亚洲,中国,湖南,常德,津市市
亚洲,中国,湖南,张家界,永定区
亚洲,中国,湖南,张家界,武陵源区
亚洲,中国,湖南,张家界,慈利县
亚洲,中国,湖南,张家界,桑植县
亚洲,中国,湖南,益阳,资阳区
亚洲,中国,湖南,益阳,赫山区
亚洲,中国,湖南,益阳,南县
亚洲,中国,湖南,益阳,桃江县
亚洲,中国,湖南,益阳,安化县
亚洲,中国,湖南,益阳,沅江市
亚洲,中国,湖南,郴州,北湖区
亚洲,中国,湖南,郴州,苏仙区
亚洲,中国,湖南,郴州,桂阳县
亚洲,中国,湖南,郴州,宜章县
亚洲,中国,湖南,郴州,永兴县
亚洲,中国,湖南,郴州,嘉禾县
亚洲,中国,湖南,郴州,临武县
亚洲,中国,湖南,郴州,汝城县
亚洲,中国,湖南,郴州,桂东县
亚洲,中国,湖南,郴州,安仁县
亚洲,中国,湖南,郴州,资兴市
亚洲,中国,湖南,永州,零陵区
亚洲,中国,湖南,永州,冷水滩区
亚洲,中国,湖南,永州,祁阳县
亚洲,中国,湖南,永州,东安县
亚洲,中国,湖南,永州,双牌县
亚洲,中国,湖南,永州,道县
亚洲,中国,湖南,永州,江永县
亚洲,中国,湖南,永州,宁远县
亚洲,中国,湖南,永州,蓝山县
亚洲,中国,湖南,永州,新田县
亚洲,中国,湖南,永州,江华瑶族自治县
亚洲,中国,湖南,怀化,鹤城区
亚洲,中国,湖南,怀化,中方县
亚洲,中国,湖南,怀化,沅陵县
亚洲,中国,湖南,怀化,辰溪县
亚洲,中国,湖南,怀化,溆浦县
亚洲,中国,湖南,怀化,会同县
亚洲,中国,湖南,怀化,麻阳苗族自治县
亚洲,中国,湖南,怀化,新晃侗族自治县
亚洲,中国,湖南,怀化,芷江侗族自治县
亚洲,中国,湖南,怀化,靖州苗族侗族自治县
亚洲,中国,湖南,怀化,通道侗族自治县
亚洲,中国,湖南,怀化,洪江市
亚洲,中国,湖南,娄底,娄星区
亚洲,中国,湖南,娄底,双峰县
亚洲,中国,湖南,娄底,新化县
亚洲,中国,湖南,娄底,冷水江市
亚洲,中国,湖南,娄底,涟源市
亚洲,中国,湖南,湘西,吉首市
亚洲,中国,湖南,湘西,泸溪县
亚洲,中国,湖南,湘西,凤凰县
亚洲,中国,湖南,湘西,花垣县
亚洲,中国,湖南,湘西,保靖县
亚洲,中国,湖南,湘西,古丈县
亚洲,中国,湖南,湘西,永顺县
亚洲,中国,湖南,湘西,龙山县
亚洲,中国,广东,广州,荔湾区
亚洲,中国,广东,广州,越秀区
亚洲,中国,广东,广州,海珠区
亚洲,中国,广东,广州,天河区
亚洲,中国,广东,广州,白云区
亚洲,中国,广东,广州,黄埔区
亚洲,中国,广东,广州,番禺区
亚洲,中国,广东,广州,花都区
亚洲,中国,广东,广州,南沙区
亚洲,中国,广东,广州,萝岗区
亚洲,中国,广东,广州,增城市
亚洲,中国,广东,广州,从化市
亚洲,中国,广东,韶关,武江区
亚洲,中国,广东,韶关,浈江区
亚洲,中国,广东,韶关,曲江区
亚洲,中国,广东,韶关,始兴县
亚洲,中国,广东,韶关,仁化县
亚洲,中国,广东,韶关,翁源县
亚洲,中国,广东,韶关,乳源瑶族自治县
亚洲,中国,广东,韶关,新丰县
亚洲,中国,广东,韶关,乐昌市
亚洲,中国,广东,韶关,南雄市
亚洲,中国,广东,深圳,罗湖区
亚洲,中国,广东,深圳,福田区
亚洲,中国,广东,深圳,南山区
亚洲,中国,广东,深圳,宝安区
亚洲,中国,广东,深圳,龙岗区
亚洲,中国,广东,深圳,盐田区
亚洲,中国,广东,珠海,香洲区
亚洲,中国,广东,珠海,斗门区
亚洲,中国,广东,珠海,金湾区
亚洲,中国,广东,汕头,龙湖区
亚洲,中国,广东,汕头,金平区
亚洲,中国,广东,汕头,濠江区
亚洲,中国,广东,汕头,潮阳区
亚洲,中国,广东,汕头,潮南区
亚洲,中国,广东,汕头,澄海区
亚洲,中国,广东,汕头,南澳县
亚洲,中国,广东,佛山,禅城区
亚洲,中国,广东,佛山,南海区
亚洲,中国,广东,佛山,顺德区
亚洲,中国,广东,佛山,三水区
亚洲,中国,广东,佛山,高明区
亚洲,中国,广东,江门,蓬江区
亚洲,中国,广东,江门,江海区
亚洲,中国,广东,江门,新会区
亚洲,中国,广东,江门,台山市
亚洲,中国,广东,江门,开平市
亚洲,中国,广东,江门,鹤山市
亚洲,中国,广东,江门,恩平市
亚洲,中国,广东,湛江,赤坎区
亚洲,中国,广东,湛江,霞山区
亚洲,中国,广东,湛江,坡头区
亚洲,中国,广东,湛江,麻章区
亚洲,中国,广东,湛江,遂溪县
亚洲,中国,广东,湛江,徐闻县
亚洲,中国,广东,湛江,廉江市
亚洲,中国,广东,湛江,雷州市
亚洲,中国,广东,湛江,吴川市
亚洲,中国,广东,茂名,茂南区
亚洲,中国,广东,茂名,茂港区
亚洲,中国,广东,茂名,电白县
亚洲,中国,广东,茂名,高州市
亚洲,中国,广东,茂名,化州市
亚洲,中国,广东,茂名,信宜市
亚洲,中国,广东,肇庆,端州区
亚洲,中国,广东,肇庆,鼎湖区
亚洲,中国,广东,肇庆,广宁县
亚洲,中国,广东,肇庆,怀集县
亚洲,中国,广东,肇庆,封开县
亚洲,中国,广东,肇庆,德庆县
亚洲,中国,广东,肇庆,高要市
亚洲,中国,广东,肇庆,四会市
亚洲,中国,广东,惠州,惠城区
亚洲,中国,广东,惠州,惠阳区
亚洲,中国,广东,惠州,博罗县
亚洲,中国,广东,惠州,惠东县
亚洲,中国,广东,惠州,龙门县
亚洲,中国,广东,梅州,梅江区
亚洲,中国,广东,梅州,梅县
亚洲,中国,广东,梅州,大埔县
亚洲,中国,广东,梅州,丰顺县
亚洲,中国,广东,梅州,五华县
亚洲,中国,广东,梅州,平远县
亚洲,中国,广东,梅州,蕉岭县
亚洲,中国,广东,梅州,兴宁市
亚洲,中国,广东,汕尾,城区
亚洲,中国,广东,汕尾,海丰县
亚洲,中国,广东,汕尾,陆河县
亚洲,中国,广东,汕尾,陆丰市
亚洲,中国,广东,河源,源城区
亚洲,中国,广东,河源,紫金县
亚洲,中国,广东,河源,龙川县
亚洲,中国,广东,河源,连平县
亚洲,中国,广东,河源,和平县
亚洲,中国,广东,河源,东源县
亚洲,中国,广东,阳江,江城区
亚洲,中国,广东,阳江,阳西县
亚洲,中国,广东,阳江,阳东县
亚洲,中国,广东,阳江,阳春市
亚洲,中国,广东,清远,清城区
亚洲,中国,广东,清远,佛冈县
亚洲,中国,广东,清远,阳山县
亚洲,中国,广东,清远,连山壮族瑶族自治县
亚洲,中国,广东,清远,连南瑶族自治县
亚洲,中国,广东,清远,清新县
亚洲,中国,广东,清远,英德市
亚洲,中国,广东,清远,连州市
亚洲,中国,广东,东莞,东莞市
亚洲,中国,广东,中山,中山市
亚洲,中国,广东,潮州,湘桥区
亚洲,中国,广东,潮州,潮安县
亚洲,中国,广东,潮州,饶平县
亚洲,中国,广东,揭阳,榕城区
亚洲,中国,广东,揭阳,揭东县
亚洲,中国,广东,揭阳,揭西县
亚洲,中国,广东,揭阳,惠来县
亚洲,中国,广东,揭阳,普宁市
亚洲,中国,广东,云浮,云城区
亚洲,中国,广东,云浮,新兴县
亚洲,中国,广东,云浮,郁南县
亚洲,中国,广东,云浮,云安县
亚洲,中国,广东,云浮,罗定市
亚洲,中国,广西,南宁,兴宁区
亚洲,中国,广西,南宁,青秀区
亚洲,中国,广西,南宁,江南区
亚洲,中国,广西,南宁,西乡塘区
亚洲,中国,广西,南宁,良庆区
亚洲,中国,广西,南宁,邕宁区
亚洲,中国,广西,南宁,武鸣县
亚洲,中国,广西,南宁,隆安县
亚洲,中国,广西,南宁,马山县
亚洲,中国,广西,南宁,上林县
亚洲,中国,广西,南宁,宾阳县
亚洲,中国,广西,南宁,横县
亚洲,中国,广西,柳州,城中区
亚洲,中国,广西,柳州,鱼峰区
亚洲,中国,广西,柳州,柳南区
亚洲,中国,广西,柳州,柳北区
亚洲,中国,广西,柳州,柳江县
亚洲,中国,广西,柳州,柳城县
亚洲,中国,广西,柳州,鹿寨县
亚洲,中国,广西,柳州,融安县
亚洲,中国,广西,柳州,融水苗族自治县
亚洲,中国,广西,柳州,三江侗族自治县
亚洲,中国,广西,桂林,秀峰区
亚洲,中国,广西,桂林,叠彩区
亚洲,中国,广西,桂林,象山区
亚洲,中国,广西,桂林,七星区
亚洲,中国,广西,桂林,雁山区
亚洲,中国,广西,桂林,阳朔县
亚洲,中国,广西,桂林,临桂县
亚洲,中国,广西,桂林,灵川县
亚洲,中国,广西,桂林,全州县
亚洲,中国,广西,桂林,兴安县
亚洲,中国,广西,桂林,永福县
亚洲,中国,广西,桂林,灌阳县
亚洲,中国,广西,桂林,龙胜各族自治县
亚洲,中国,广西,桂林,资源县
亚洲,中国,广西,桂林,平乐县
亚洲,中国,广西,桂林,荔浦县
亚洲,中国,广西,桂林,恭城瑶族自治县
亚洲,中国,广西,梧州,万秀区
亚洲,中国,广西,梧州,蝶山区
亚洲,中国,广西,梧州,长洲区
亚洲,中国,广西,梧州,苍梧县
亚洲,中国,广西,梧州,藤县
亚洲,中国,广西,梧州,蒙山县
亚洲,中国,广西,梧州,岑溪市
亚洲,中国,广西,北海,海城区
亚洲,中国,广西,北海,银海区
亚洲,中国,广西,北海,铁山港区
亚洲,中国,广西,北海,合浦县
亚洲,中国,广西,防城港,港口区
亚洲,中国,广西,防城港,防城区
亚洲,中国,广西,防城港,上思县
亚洲,中国,广西,防城港,东兴市
亚洲,中国,广西,钦州,钦南区
亚洲,中国,广西,钦州,钦北区
亚洲,中国,广西,钦州,灵山县
亚洲,中国,广西,钦州,浦北县
亚洲,中国,广西,贵港,港北区
亚洲,中国,广西,贵港,港南区
亚洲,中国,广西,贵港,覃塘区
亚洲,中国,广西,贵港,平南县
亚洲,中国,广西,贵港,桂平市
亚洲,中国,广西,玉林,玉州区
亚洲,中国,广西,玉林,容县
亚洲,中国,广西,玉林,陆川县
亚洲,中国,广西,玉林,博白县
亚洲,中国,广西,玉林,兴业县
亚洲,中国,广西,玉林,北流市
亚洲,中国,广西,百色,右江区
亚洲,中国,广西,百色,田阳县
亚洲,中国,广西,百色,田东县
亚洲,中国,广西,百色,平果县
亚洲,中国,广西,百色,德保县
亚洲,中国,广西,百色,靖西县
亚洲,中国,广西,百色,那坡县
亚洲,中国,广西,百色,凌云县
亚洲,中国,广西,百色,乐业县
亚洲,中国,广西,百色,田林县
亚洲,中国,广西,百色,西林县
亚洲,中国,广西,百色,隆林各族自治县
亚洲,中国,广西,贺州,八步区
亚洲,中国,广西,贺州,昭平县
亚洲,中国,广西,贺州,钟山县
亚洲,中国,广西,贺州,富川瑶族自治县
亚洲,中国,广西,河池,金城江区
亚洲,中国,广西,河池,南丹县
亚洲,中国,广西,河池,天峨县
亚洲,中国,广西,河池,凤山县
亚洲,中国,广西,河池,东兰县
亚洲,中国,广西,河池,罗城仫佬族自治县
亚洲,中国,广西,河池,环江毛南族自治县
亚洲,中国,广西,河池,巴马瑶族自治县
亚洲,中国,广西,河池,都安瑶族自治县
亚洲,中国,广西,河池,大化瑶族自治县
亚洲,中国,广西,河池,宜州市
亚洲,中国,广西,来宾,兴宾区
亚洲,中国,广西,来宾,忻城县
亚洲,中国,广西,来宾,象州县
亚洲,中国,广西,来宾,武宣县
亚洲,中国,广西,来宾,金秀瑶族自治县
亚洲,中国,广西,来宾,合山市
亚洲,中国,广西,崇左,江洲区
亚洲,中国,广西,崇左,扶绥县
亚洲,中国,广西,崇左,宁明县
亚洲,中国,广西,崇左,龙州县
亚洲,中国,广西,崇左,大新县
亚洲,中国,广西,崇左,天等县
亚洲,中国,广西,崇左,凭祥市
亚洲,中国,海南,海口,秀英区
亚洲,中国,海南,海口,龙华区
亚洲,中国,海南,海口,琼山区
亚洲,中国,海南,海口,美兰区
亚洲,中国,海南,三亚,
亚洲,中国,海南,三沙,
亚洲,中国,海南,五指山,
亚洲,中国,海南,琼海,
亚洲,中国,海南,儋州,
亚洲,中国,海南,文昌,
亚洲,中国,海南,万宁,
亚洲,中国,海南,东方,
亚洲,中国,海南,定安,
亚洲,中国,海南,屯昌,
亚洲,中国,海南,澄迈,
亚洲,中国,海南,临高,
亚洲,中国,海南,白沙,
亚洲,中国,海南,昌江,
亚洲,中国,海南,乐东,
亚洲,中国,海南,陵水,
亚洲,中国,海南,保亭,
亚洲,中国,海南,琼中,
亚洲,中国,,重庆,万州
亚洲,中国,,重庆,涪陵
亚洲,中国,,重庆,渝中
亚洲,中国,,重庆,大渡口
亚洲,中国,,重庆,江北
亚洲,中国,,重庆,沙坪坝
亚洲,中国,,重庆,九龙坡
亚洲,中国,,重庆,南岸
亚洲,中国,,重庆,北碚
亚洲,中国,,重庆,两江新区
亚洲,中国,,重庆,万盛
亚洲,中国,,重庆,双桥
亚洲,中国,,重庆,渝北
亚洲,中国,,重庆,巴南
亚洲,中国,,重庆,长寿
亚洲,中国,,重庆,綦江
亚洲,中国,,重庆,潼南
亚洲,中国,,重庆,铜梁
亚洲,中国,,重庆,大足
亚洲,中国,,重庆,荣昌
亚洲,中国,,重庆,璧山
亚洲,中国,,重庆,梁平
亚洲,中国,,重庆,城口
亚洲,中国,,重庆,丰都
亚洲,中国,,重庆,垫江
亚洲,中国,,重庆,武隆
亚洲,中国,,重庆,忠县
亚洲,中国,,重庆,开县
亚洲,中国,,重庆,云阳
亚洲,中国,,重庆,奉节
亚洲,中国,,重庆,巫山
亚洲,中国,,重庆,巫溪
亚洲,中国,,重庆,黔江
亚洲,中国,,重庆,石柱
亚洲,中国,,重庆,秀山
亚洲,中国,,重庆,酉阳
亚洲,中国,,重庆,彭水
亚洲,中国,,重庆,江津
亚洲,中国,,重庆,合川
亚洲,中国,,重庆,永川
亚洲,中国,,重庆,南川
亚洲,中国,四川,成都,锦江区
亚洲,中国,四川,成都,青羊区
亚洲,中国,四川,成都,金牛区
亚洲,中国,四川,成都,武侯区
亚洲,中国,四川,成都,成华区
亚洲,中国,四川,成都,龙泉驿区
亚洲,中国,四川,成都,青白江区
亚洲,中国,四川,成都,新都区
亚洲,中国,四川,成都,温江区
亚洲,中国,四川,成都,金堂县
亚洲,中国,四川,成都,双流县
亚洲,中国,四川,成都,郫县
亚洲,中国,四川,成都,大邑县
亚洲,中国,四川,成都,蒲江县
亚洲,中国,四川,成都,新津县
亚洲,中国,四川,成都,都江堰市
亚洲,中国,四川,成都,彭州市
亚洲,中国,四川,成都,邛崃市
亚洲,中国,四川,成都,崇州市
亚洲,中国,四川,自贡,自流井区
亚洲,中国,四川,自贡,贡井区
亚洲,中国,四川,自贡,大安区
亚洲,中国,四川,自贡,沿滩区
亚洲,中国,四川,自贡,荣县
亚洲,中国,四川,自贡,富顺县
亚洲,中国,四川,攀枝花,东区
亚洲,中国,四川,攀枝花,西区
亚洲,中国,四川,攀枝花,仁和区
亚洲,中国,四川,攀枝花,米易县
亚洲,中国,四川,攀枝花,盐边县
亚洲,中国,四川,泸州,江阳区
亚洲,中国,四川,泸州,纳溪区
亚洲,中国,四川,泸州,龙马潭区
亚洲,中国,四川,泸州,泸县
亚洲,中国,四川,泸州,合江县
亚洲,中国,四川,泸州,叙永县
亚洲,中国,四川,泸州,古蔺县
亚洲,中国,四川,德阳,旌阳区
亚洲,中国,四川,德阳,中江县
亚洲,中国,四川,德阳,罗江县
亚洲,中国,四川,德阳,广汉市
亚洲,中国,四川,德阳,什邡市
亚洲,中国,四川,德阳,绵竹市
亚洲,中国,四川,绵阳,涪城区
亚洲,中国,四川,绵阳,游仙区
亚洲,中国,四川,绵阳,三台县
亚洲,中国,四川,绵阳,盐亭县
亚洲,中国,四川,绵阳,安县
亚洲,中国,四川,绵阳,梓潼县
亚洲,中国,四川,绵阳,北川羌族自治县
亚洲,中国,四川,绵阳,平武县
亚洲,中国,四川,绵阳,江油市
亚洲,中国,四川,广元,市中区
亚洲,中国,四川,广元,元坝区
亚洲,中国,四川,广元,朝天区
亚洲,中国,四川,广元,旺苍县
亚洲,中国,四川,广元,青川县
亚洲,中国,四川,广元,剑阁县
亚洲,中国,四川,广元,苍溪县
亚洲,中国,四川,遂宁,船山区
亚洲,中国,四川,遂宁,安居区
亚洲,中国,四川,遂宁,蓬溪县
亚洲,中国,四川,遂宁,射洪县
亚洲,中国,四川,遂宁,大英县
亚洲,中国,四川,内江,市中区
亚洲,中国,四川,内江,东兴区
亚洲,中国,四川,内江,威远县
亚洲,中国,四川,内江,资中县
亚洲,中国,四川,内江,隆昌县
亚洲,中国,四川,乐山,市中区
亚洲,中国,四川,乐山,沙湾区
亚洲,中国,四川,乐山,五通桥区
亚洲,中国,四川,乐山,金口河区
亚洲,中国,四川,乐山,犍为县
亚洲,中国,四川,乐山,井研县
亚洲,中国,四川,乐山,夹江县
亚洲,中国,四川,乐山,沐川县
亚洲,中国,四川,乐山,峨边彝族自治县
亚洲,中国,四川,乐山,马边彝族自治县
亚洲,中国,四川,乐山,峨眉山市
亚洲,中国,四川,南充,顺庆区
亚洲,中国,四川,南充,高坪区
亚洲,中国,四川,南充,嘉陵区
亚洲,中国,四川,南充,南部县
亚洲,中国,四川,南充,营山县
亚洲,中国,四川,南充,蓬安县
亚洲,中国,四川,南充,仪陇县
亚洲,中国,四川,南充,西充县
亚洲,中国,四川,南充,阆中市
亚洲,中国,四川,眉山,东坡区
亚洲,中国,四川,眉山,仁寿县
亚洲,中国,四川,眉山,彭山县
亚洲,中国,四川,眉山,洪雅县
亚洲,中国,四川,眉山,丹棱县
亚洲,中国,四川,眉山,青神县
亚洲,中国,四川,宜宾,翠屏区
亚洲,中国,四川,宜宾,宜宾县
亚洲,中国,四川,宜宾,南溪县
亚洲,中国,四川,宜宾,江安县
亚洲,中国,四川,宜宾,长宁县
亚洲,中国,四川,宜宾,高县
亚洲,中国,四川,宜宾,珙县
亚洲,中国,四川,宜宾,筠连县
亚洲,中国,四川,宜宾,兴文县
亚洲,中国,四川,宜宾,屏山县
亚洲,中国,四川,广安,广安区
亚洲,中国,四川,广安,岳池县
亚洲,中国,四川,广安,武胜县
亚洲,中国,四川,广安,邻水县
亚洲,中国,四川,广安,华蓥市
亚洲,中国,四川,达州,通川区
亚洲,中国,四川,达州,达县
亚洲,中国,四川,达州,宣汉县
亚洲,中国,四川,达州,开江县
亚洲,中国,四川,达州,大竹县
亚洲,中国,四川,达州,渠县
亚洲,中国,四川,达州,万源市
亚洲,中国,四川,雅安,雨城区
亚洲,中国,四川,雅安,名山县
亚洲,中国,四川,雅安,荥经县
亚洲,中国,四川,雅安,汉源县
亚洲,中国,四川,雅安,石棉县
亚洲,中国,四川,雅安,天全县
亚洲,中国,四川,雅安,芦山县
亚洲,中国,四川,雅安,宝兴县
亚洲,中国,四川,巴中,巴州区
亚洲,中国,四川,巴中,通江县
亚洲,中国,四川,巴中,南江县
亚洲,中国,四川,巴中,平昌县
亚洲,中国,四川,资阳,雁江区
亚洲,中国,四川,资阳,安岳县
亚洲,中国,四川,资阳,乐至县
亚洲,中国,四川,资阳,简阳市
亚洲,中国,四川,阿坝,汶川县
亚洲,中国,四川,阿坝,理县
亚洲,中国,四川,阿坝,茂县
亚洲,中国,四川,阿坝,松潘县
亚洲,中国,四川,阿坝,九寨沟县
亚洲,中国,四川,阿坝,金川县
亚洲,中国,四川,阿坝,小金县
亚洲,中国,四川,阿坝,黑水县
亚洲,中国,四川,阿坝,马尔康县
亚洲,中国,四川,阿坝,壤塘县
亚洲,中国,四川,阿坝,阿坝县
亚洲,中国,四川,阿坝,若尔盖县
亚洲,中国,四川,阿坝,红原县
亚洲,中国,四川,甘孜,康定县
亚洲,中国,四川,甘孜,泸定县
亚洲,中国,四川,甘孜,丹巴县
亚洲,中国,四川,甘孜,九龙县
亚洲,中国,四川,甘孜,雅江县
亚洲,中国,四川,甘孜,道孚县
亚洲,中国,四川,甘孜,炉霍县
亚洲,中国,四川,甘孜,甘孜县
亚洲,中国,四川,甘孜,新龙县
亚洲,中国,四川,甘孜,德格县
亚洲,中国,四川,甘孜,白玉县
亚洲,中国,四川,甘孜,石渠县
亚洲,中国,四川,甘孜,色达县
亚洲,中国,四川,甘孜,理塘县
亚洲,中国,四川,甘孜,巴塘县
亚洲,中国,四川,甘孜,乡城县
亚洲,中国,四川,甘孜,稻城县
亚洲,中国,四川,甘孜,得荣县
亚洲,中国,四川,凉山,西昌市
亚洲,中国,四川,凉山,木里藏族自治县
亚洲,中国,四川,凉山,盐源县
亚洲,中国,四川,凉山,德昌县
亚洲,中国,四川,凉山,会理县
亚洲,中国,四川,凉山,会东县
亚洲,中国,四川,凉山,宁南县
亚洲,中国,四川,凉山,普格县
亚洲,中国,四川,凉山,布拖县
亚洲,中国,四川,凉山,金阳县
亚洲,中国,四川,凉山,昭觉县
亚洲,中国,四川,凉山,喜德县
亚洲,中国,四川,凉山,冕宁县
亚洲,中国,四川,凉山,越西县
亚洲,中国,四川,凉山,甘洛县
亚洲,中国,四川,凉山,美姑县
亚洲,中国,四川,凉山,雷波县
亚洲,中国,贵州,贵阳,南明区
亚洲,中国,贵州,贵阳,云岩区
亚洲,中国,贵州,贵阳,花溪区
亚洲,中国,贵州,贵阳,乌当区
亚洲,中国,贵州,贵阳,白云区
亚洲,中国,贵州,贵阳,小河区
亚洲,中国,贵州,贵阳,开阳县
亚洲,中国,贵州,贵阳,息烽县
亚洲,中国,贵州,贵阳,修文县
亚洲,中国,贵州,贵阳,清镇市
亚洲,中国,贵州,六盘水,钟山区
亚洲,中国,贵州,六盘水,六枝特区
亚洲,中国,贵州,六盘水,水城县
亚洲,中国,贵州,六盘水,盘县
亚洲,中国,贵州,遵义,红花岗区
亚洲,中国,贵州,遵义,汇川区
亚洲,中国,贵州,遵义,遵义县
亚洲,中国,贵州,遵义,桐梓县
亚洲,中国,贵州,遵义,绥阳县
亚洲,中国,贵州,遵义,正安县
亚洲,中国,贵州,遵义,道真仡佬族苗族自治县
亚洲,中国,贵州,遵义,务川仡佬族苗族自治县
亚洲,中国,贵州,遵义,凤冈县
亚洲,中国,贵州,遵义,湄潭县
亚洲,中国,贵州,遵义,余庆县
亚洲,中国,贵州,遵义,习水县
亚洲,中国,贵州,遵义,赤水市
亚洲,中国,贵州,遵义,仁怀市
亚洲,中国,贵州,安顺,西秀区
亚洲,中国,贵州,安顺,平坝县
亚洲,中国,贵州,安顺,普定县
亚洲,中国,贵州,安顺,镇宁布依族苗族自治县
亚洲,中国,贵州,安顺,关岭布依族苗族自治县
亚洲,中国,贵州,安顺,紫云苗族布依族自治县
亚洲,中国,贵州,铜仁,铜仁市
亚洲,中国,贵州,铜仁,江口县
亚洲,中国,贵州,铜仁,玉屏侗族自治县
亚洲,中国,贵州,铜仁,石阡县
亚洲,中国,贵州,铜仁,思南县
亚洲,中国,贵州,铜仁,印江土家族苗族自治县
亚洲,中国,贵州,铜仁,德江县
亚洲,中国,贵州,铜仁,沿河土家族自治县
亚洲,中国,贵州,铜仁,松桃苗族自治县
亚洲,中国,贵州,铜仁,万山特区
亚洲,中国,贵州,黔西南,兴义市
亚洲,中国,贵州,黔西南,兴仁县
亚洲,中国,贵州,黔西南,普安县
亚洲,中国,贵州,黔西南,晴隆县
亚洲,中国,贵州,黔西南,贞丰县
亚洲,中国,贵州,黔西南,望谟县
亚洲,中国,贵州,黔西南,册亨县
亚洲,中国,贵州,黔西南,安龙县
亚洲,中国,贵州,毕节,毕节市
亚洲,中国,贵州,毕节,大方县
亚洲,中国,贵州,毕节,黔西县
亚洲,中国,贵州,毕节,金沙县
亚洲,中国,贵州,毕节,织金县
亚洲,中国,贵州,毕节,纳雍县
亚洲,中国,贵州,毕节,威宁彝族回族苗族自治县
亚洲,中国,贵州,毕节,赫章县
亚洲,中国,贵州,黔东南,凯里市
亚洲,中国,贵州,黔东南,黄平县
亚洲,中国,贵州,黔东南,施秉县
亚洲,中国,贵州,黔东南,三穗县
亚洲,中国,贵州,黔东南,镇远县
亚洲,中国,贵州,黔东南,岑巩县
亚洲,中国,贵州,黔东南,天柱县
亚洲,中国,贵州,黔东南,锦屏县
亚洲,中国,贵州,黔东南,剑河县
亚洲,中国,贵州,黔东南,台江县
亚洲,中国,贵州,黔东南,黎平县
亚洲,中国,贵州,黔东南,榕江县
亚洲,中国,贵州,黔东南,从江县
亚洲,中国,贵州,黔东南,雷山县
亚洲,中国,贵州,黔东南,麻江县
亚洲,中国,贵州,黔东南,丹寨县
亚洲,中国,贵州,黔南,都匀市
亚洲,中国,贵州,黔南,福泉市
亚洲,中国,贵州,黔南,荔波县
亚洲,中国,贵州,黔南,贵定县
亚洲,中国,贵州,黔南,瓮安县
亚洲,中国,贵州,黔南,独山县
亚洲,中国,贵州,黔南,平塘县
亚洲,中国,贵州,黔南,罗甸县
亚洲,中国,贵州,黔南,长顺县
亚洲,中国,贵州,黔南,龙里县
亚洲,中国,贵州,黔南,惠水县
亚洲,中国,贵州,黔南,三都水族自治县
亚洲,中国,云南,昆明,五华区
亚洲,中国,云南,昆明,盘龙区
亚洲,中国,云南,昆明,官渡区
亚洲,中国,云南,昆明,西山区
亚洲,中国,云南,昆明,东川区
亚洲,中国,云南,昆明,呈贡县
亚洲,中国,云南,昆明,晋宁县
亚洲,中国,云南,昆明,富民县
亚洲,中国,云南,昆明,宜良县
亚洲,中国,云南,昆明,石林彝族自治县
亚洲,中国,云南,昆明,嵩明县
亚洲,中国,云南,昆明,禄劝彝族苗族自治县
亚洲,中国,云南,昆明,寻甸回族彝族自治县
亚洲,中国,云南,昆明,安宁市
亚洲,中国,云南,曲靖,麒麟区
亚洲,中国,云南,曲靖,马龙县
亚洲,中国,云南,曲靖,陆良县
亚洲,中国,云南,曲靖,师宗县
亚洲,中国,云南,曲靖,罗平县
亚洲,中国,云南,曲靖,富源县
亚洲,中国,云南,曲靖,会泽县
亚洲,中国,云南,曲靖,沾益县
亚洲,中国,云南,曲靖,宣威市
亚洲,中国,云南,玉溪,红塔区
亚洲,中国,云南,玉溪,江川县
亚洲,中国,云南,玉溪,澄江县
亚洲,中国,云南,玉溪,通海县
亚洲,中国,云南,玉溪,华宁县
亚洲,中国,云南,玉溪,易门县
亚洲,中国,云南,玉溪,峨山彝族自治县
亚洲,中国,云南,玉溪,新平彝族傣族自治县
亚洲,中国,云南,玉溪,元江哈尼族彝族傣族自治县
亚洲,中国,云南,保山,隆阳区
亚洲,中国,云南,保山,施甸县
亚洲,中国,云南,保山,腾冲县
亚洲,中国,云南,保山,龙陵县
亚洲,中国,云南,保山,昌宁县
亚洲,中国,云南,昭通,昭阳区
亚洲,中国,云南,昭通,鲁甸县
亚洲,中国,云南,昭通,巧家县
亚洲,中国,云南,昭通,盐津县
亚洲,中国,云南,昭通,大关县
亚洲,中国,云南,昭通,永善县
亚洲,中国,云南,昭通,绥江县
亚洲,中国,云南,昭通,镇雄县
亚洲,中国,云南,昭通,彝良县
亚洲,中国,云南,昭通,威信县
亚洲,中国,云南,昭通,水富县
亚洲,中国,云南,丽江,古城区
亚洲,中国,云南,丽江,玉龙纳西族自治县
亚洲,中国,云南,丽江,永胜县
亚洲,中国,云南,丽江,华坪县
亚洲,中国,云南,丽江,宁蒗彝族自治县
亚洲,中国,云南,普洱,思茅区
亚洲,中国,云南,普洱,宁洱哈尼族彝族自治县
亚洲,中国,云南,普洱,墨江哈尼族自治县
亚洲,中国,云南,普洱,景东彝族自治县
亚洲,中国,云南,普洱,景谷傣族彝族自治县
亚洲,中国,云南,普洱,镇沅彝族哈尼族拉祜族自治县
亚洲,中国,云南,普洱,江城哈尼族彝族自治县
亚洲,中国,云南,普洱,孟连傣族拉祜族佤族自治县
亚洲,中国,云南,普洱,澜沧拉祜族自治县
亚洲,中国,云南,普洱,西盟佤族自治县
亚洲,中国,云南,临沧,临翔区
亚洲,中国,云南,临沧,凤庆县
亚洲,中国,云南,临沧,云县
亚洲,中国,云南,临沧,永德县
亚洲,中国,云南,临沧,镇康县
亚洲,中国,云南,临沧,双江拉祜族佤族布朗族傣族自治县
亚洲,中国,云南,临沧,耿马傣族佤族自治县
亚洲,中国,云南,临沧,沧源佤族自治县
亚洲,中国,云南,楚雄,楚雄市
亚洲,中国,云南,楚雄,双柏县
亚洲,中国,云南,楚雄,牟定县
亚洲,中国,云南,楚雄,南华县
亚洲,中国,云南,楚雄,姚安县
亚洲,中国,云南,楚雄,大姚县
亚洲,中国,云南,楚雄,永仁县
亚洲,中国,云南,楚雄,元谋县
亚洲,中国,云南,楚雄,武定县
亚洲,中国,云南,楚雄,禄丰县
亚洲,中国,云南,红河,个旧市
亚洲,中国,云南,红河,开远市
亚洲,中国,云南,红河,蒙自县
亚洲,中国,云南,红河,屏边苗族自治县
亚洲,中国,云南,红河,建水县
亚洲,中国,云南,红河,石屏县
亚洲,中国,云南,红河,弥勒县
亚洲,中国,云南,红河,泸西县
亚洲,中国,云南,红河,元阳县
亚洲,中国,云南,红河,红河县
亚洲,中国,云南,红河,金平苗族瑶族傣族自治县
亚洲,中国,云南,红河,绿春县
亚洲,中国,云南,红河,河口瑶族自治县
亚洲,中国,云南,文山,文山县
亚洲,中国,云南,文山,砚山县
亚洲,中国,云南,文山,西畴县
亚洲,中国,云南,文山,麻栗坡县
亚洲,中国,云南,文山,马关县
亚洲,中国,云南,文山,丘北县
亚洲,中国,云南,文山,广南县
亚洲,中国,云南,文山,富宁县
亚洲,中国,云南,西双版纳,景洪市
亚洲,中国,云南,西双版纳,勐海县
亚洲,中国,云南,西双版纳,勐腊县
亚洲,中国,云南,大理,大理市
亚洲,中国,云南,大理,漾濞彝族自治县
亚洲,中国,云南,大理,祥云县
亚洲,中国,云南,大理,宾川县
亚洲,中国,云南,大理,弥渡县
亚洲,中国,云南,大理,南涧彝族自治县
亚洲,中国,云南,大理,巍山彝族回族自治县
亚洲,中国,云南,大理,永平县
亚洲,中国,云南,大理,云龙县
亚洲,中国,云南,大理,洱源县
亚洲,中国,云南,大理,剑川县
亚洲,中国,云南,大理,鹤庆县
亚洲,中国,云南,德宏,瑞丽市
亚洲,中国,云南,德宏,潞西市
亚洲,中国,云南,德宏,梁河县
亚洲,中国,云南,德宏,盈江县
亚洲,中国,云南,德宏,陇川县
亚洲,中国,云南,怒江,泸水县
亚洲,中国,云南,怒江,福贡县
亚洲,中国,云南,怒江,贡山独龙族怒族自治县
亚洲,中国,云南,怒江,兰坪白族普米族自治县
亚洲,中国,云南,迪庆,香格里拉县
亚洲,中国,云南,迪庆,德钦县
亚洲,中国,云南,迪庆,维西傈僳族自治县
亚洲,中国,西藏,拉萨,城关区
亚洲,中国,西藏,拉萨,林周县
亚洲,中国,西藏,拉萨,当雄县
亚洲,中国,西藏,拉萨,尼木县
亚洲,中国,西藏,拉萨,曲水县
亚洲,中国,西藏,拉萨,堆龙德庆县
亚洲,中国,西藏,拉萨,达孜县
亚洲,中国,西藏,拉萨,墨竹工卡县
亚洲,中国,西藏,昌都,昌都县
亚洲,中国,西藏,昌都,江达县
亚洲,中国,西藏,昌都,贡觉县
亚洲,中国,西藏,昌都,类乌齐县
亚洲,中国,西藏,昌都,丁青县
亚洲,中国,西藏,昌都,察雅县
亚洲,中国,西藏,昌都,八宿县
亚洲,中国,西藏,昌都,左贡县
亚洲,中国,西藏,昌都,芒康县
亚洲,中国,西藏,昌都,洛隆县
亚洲,中国,西藏,昌都,边坝县
亚洲,中国,西藏,山南,乃东县
亚洲,中国,西藏,山南,扎囊县
亚洲,中国,西藏,山南,贡嘎县
亚洲,中国,西藏,山南,桑日县
亚洲,中国,西藏,山南,琼结县
亚洲,中国,西藏,山南,曲松县
亚洲,中国,西藏,山南,措美县
亚洲,中国,西藏,山南,洛扎县
亚洲,中国,西藏,山南,加查县
亚洲,中国,西藏,山南,隆子县
亚洲,中国,西藏,山南,错那县
亚洲,中国,西藏,山南,浪卡子县
亚洲,中国,西藏,日喀则,日喀则市
亚洲,中国,西藏,日喀则,南木林县
亚洲,中国,西藏,日喀则,江孜县
亚洲,中国,西藏,日喀则,定日县
亚洲,中国,西藏,日喀则,萨迦县
亚洲,中国,西藏,日喀则,拉孜县
亚洲,中国,西藏,日喀则,昂仁县
亚洲,中国,西藏,日喀则,谢通门县
亚洲,中国,西藏,日喀则,白朗县
亚洲,中国,西藏,日喀则,仁布县
亚洲,中国,西藏,日喀则,康马县
亚洲,中国,西藏,日喀则,定结县
亚洲,中国,西藏,日喀则,仲巴县
亚洲,中国,西藏,日喀则,亚东县
亚洲,中国,西藏,日喀则,吉隆县
亚洲,中国,西藏,日喀则,聂拉木县
亚洲,中国,西藏,日喀则,萨嘎县
亚洲,中国,西藏,日喀则,岗巴县
亚洲,中国,西藏,那曲,那曲县
亚洲,中国,西藏,那曲,嘉黎县
亚洲,中国,西藏,那曲,比如县
亚洲,中国,西藏,那曲,聂荣县
亚洲,中国,西藏,那曲,安多县
亚洲,中国,西藏,那曲,申扎县
亚洲,中国,西藏,那曲,索县
亚洲,中国,西藏,那曲,班戈县
亚洲,中国,西藏,那曲,巴青县
亚洲,中国,西藏,那曲,尼玛县
亚洲,中国,西藏,阿里,普兰县
亚洲,中国,西藏,阿里,札达县
亚洲,中国,西藏,阿里,噶尔县
亚洲,中国,西藏,阿里,日土县
亚洲,中国,西藏,阿里,革吉县
亚洲,中国,西藏,阿里,改则县
亚洲,中国,西藏,阿里,措勤县
亚洲,中国,西藏,林芝,林芝县
亚洲,中国,西藏,林芝,工布江达县
亚洲,中国,西藏,林芝,米林县
亚洲,中国,西藏,林芝,墨脱县
亚洲,中国,西藏,林芝,波密县
亚洲,中国,西藏,林芝,察隅县
亚洲,中国,西藏,林芝,朗县
亚洲,中国,陕西,西安,新城区
亚洲,中国,陕西,西安,碑林区
亚洲,中国,陕西,西安,莲湖区
亚洲,中国,陕西,西安,灞桥区
亚洲,中国,陕西,西安,未央区
亚洲,中国,陕西,西安,雁塔区
亚洲,中国,陕西,西安,阎良区
亚洲,中国,陕西,西安,临潼区
亚洲,中国,陕西,西安,长安区
亚洲,中国,陕西,西安,蓝田县
亚洲,中国,陕西,西安,周至县
亚洲,中国,陕西,西安,户县
亚洲,中国,陕西,西安,高陵县
亚洲,中国,陕西,铜川,王益区
亚洲,中国,陕西,铜川,印台区
亚洲,中国,陕西,铜川,耀州区
亚洲,中国,陕西,铜川,宜君县
亚洲,中国,陕西,宝鸡,渭滨区
亚洲,中国,陕西,宝鸡,金台区
亚洲,中国,陕西,宝鸡,陈仓区
亚洲,中国,陕西,宝鸡,凤翔县
亚洲,中国,陕西,宝鸡,岐山县
亚洲,中国,陕西,宝鸡,扶风县
亚洲,中国,陕西,宝鸡,眉县
亚洲,中国,陕西,宝鸡,陇县
亚洲,中国,陕西,宝鸡,千阳县
亚洲,中国,陕西,宝鸡,麟游县
亚洲,中国,陕西,宝鸡,凤县
亚洲,中国,陕西,宝鸡,太白县
亚洲,中国,陕西,咸阳,秦都区
亚洲,中国,陕西,咸阳,杨凌区
亚洲,中国,陕西,咸阳,渭城区
亚洲,中国,陕西,咸阳,三原县
亚洲,中国,陕西,咸阳,泾阳县
亚洲,中国,陕西,咸阳,乾县
亚洲,中国,陕西,咸阳,礼泉县
亚洲,中国,陕西,咸阳,永寿县
亚洲,中国,陕西,咸阳,彬县
亚洲,中国,陕西,咸阳,长武县
亚洲,中国,陕西,咸阳,旬邑县
亚洲,中国,陕西,咸阳,淳化县
亚洲,中国,陕西,咸阳,武功县
亚洲,中国,陕西,咸阳,兴平市
亚洲,中国,陕西,渭南,临渭区
亚洲,中国,陕西,渭南,华县
亚洲,中国,陕西,渭南,潼关县
亚洲,中国,陕西,渭南,大荔县
亚洲,中国,陕西,渭南,合阳县
亚洲,中国,陕西,渭南,澄城县
亚洲,中国,陕西,渭南,蒲城县
亚洲,中国,陕西,渭南,白水县
亚洲,中国,陕西,渭南,富平县
亚洲,中国,陕西,渭南,韩城市
亚洲,中国,陕西,渭南,华阴市
亚洲,中国,陕西,延安,宝塔区
亚洲,中国,陕西,延安,延长县
亚洲,中国,陕西,延安,延川县
亚洲,中国,陕西,延安,子长县
亚洲,中国,陕西,延安,安塞县
亚洲,中国,陕西,延安,志丹县
亚洲,中国,陕西,延安,吴起县
亚洲,中国,陕西,延安,甘泉县
亚洲,中国,陕西,延安,富县
亚洲,中国,陕西,延安,洛川县
亚洲,中国,陕西,延安,宜川县
亚洲,中国,陕西,延安,黄龙县
亚洲,中国,陕西,延安,黄陵县
亚洲,中国,陕西,汉中,汉台区
亚洲,中国,陕西,汉中,南郑县
亚洲,中国,陕西,汉中,城固县
亚洲,中国,陕西,汉中,洋县
亚洲,中国,陕西,汉中,西乡县
亚洲,中国,陕西,汉中,勉县
亚洲,中国,陕西,汉中,宁强县
亚洲,中国,陕西,汉中,略阳县
亚洲,中国,陕西,汉中,镇巴县
亚洲,中国,陕西,汉中,留坝县
亚洲,中国,陕西,汉中,佛坪县
亚洲,中国,陕西,榆林,榆阳区
亚洲,中国,陕西,榆林,神木县
亚洲,中国,陕西,榆林,府谷县
亚洲,中国,陕西,榆林,横山县
亚洲,中国,陕西,榆林,靖边县
亚洲,中国,陕西,榆林,定边县
亚洲,中国,陕西,榆林,绥德县
亚洲,中国,陕西,榆林,米脂县
亚洲,中国,陕西,榆林,佳县
亚洲,中国,陕西,榆林,吴堡县
亚洲,中国,陕西,榆林,清涧县
亚洲,中国,陕西,榆林,子洲县
亚洲,中国,陕西,安康,汉滨区
亚洲,中国,陕西,安康,汉阴县
亚洲,中国,陕西,安康,石泉县
亚洲,中国,陕西,安康,宁陕县
亚洲,中国,陕西,安康,紫阳县
亚洲,中国,陕西,安康,岚皋县
亚洲,中国,陕西,安康,平利县
亚洲,中国,陕西,安康,镇坪县
亚洲,中国,陕西,安康,旬阳县
亚洲,中国,陕西,安康,白河县
亚洲,中国,陕西,商洛,商州区
亚洲,中国,陕西,商洛,洛南县
亚洲,中国,陕西,商洛,丹凤县
亚洲,中国,陕西,商洛,商南县
亚洲,中国,陕西,商洛,山阳县
亚洲,中国,陕西,商洛,镇安县
亚洲,中国,陕西,商洛,柞水县
亚洲,中国,甘肃,兰州市,城关区
亚洲,中国,甘肃,兰州市,七里河区
亚洲,中国,甘肃,兰州市,西固区
亚洲,中国,甘肃,兰州市,安宁区
亚洲,中国,甘肃,兰州市,红古区
亚洲,中国,甘肃,兰州市,永登县
亚洲,中国,甘肃,兰州市,皋兰县
亚洲,中国,甘肃,兰州市,榆中县
亚洲,中国,甘肃,嘉峪关,嘉峪关市
亚洲,中国,甘肃,金昌,金川区
亚洲,中国,甘肃,金昌,永昌县
亚洲,中国,甘肃,白银,白银区
亚洲,中国,甘肃,白银,平川区
亚洲,中国,甘肃,白银,靖远县
亚洲,中国,甘肃,白银,会宁县
亚洲,中国,甘肃,白银,景泰县
亚洲,中国,甘肃,天水,秦州区
亚洲,中国,甘肃,天水,麦积区
亚洲,中国,甘肃,天水,清水县
亚洲,中国,甘肃,天水,秦安县
亚洲,中国,甘肃,天水,甘谷县
亚洲,中国,甘肃,天水,武山县
亚洲,中国,甘肃,天水,张家川回族自治县
亚洲,中国,甘肃,武威,凉州区
亚洲,中国,甘肃,武威,民勤县
亚洲,中国,甘肃,武威,古浪县
亚洲,中国,甘肃,武威,天祝藏族自治县
亚洲,中国,甘肃,张掖,甘州区
亚洲,中国,甘肃,张掖,肃南裕固族自治县
亚洲,中国,甘肃,张掖,民乐县
亚洲,中国,甘肃,张掖,临泽县
亚洲,中国,甘肃,张掖,高台县
亚洲,中国,甘肃,张掖,山丹县
亚洲,中国,甘肃,平凉,崆峒区
亚洲,中国,甘肃,平凉,泾川县
亚洲,中国,甘肃,平凉,灵台县
亚洲,中国,甘肃,平凉,崇信县
亚洲,中国,甘肃,平凉,华亭县
亚洲,中国,甘肃,平凉,庄浪县
亚洲,中国,甘肃,平凉,静宁县
亚洲,中国,甘肃,酒泉,肃州区
亚洲,中国,甘肃,酒泉,金塔县
亚洲,中国,甘肃,酒泉,瓜州县
亚洲,中国,甘肃,酒泉,肃北蒙古族自治县
亚洲,中国,甘肃,酒泉,阿克塞哈萨克族自治县
亚洲,中国,甘肃,酒泉,玉门市
亚洲,中国,甘肃,酒泉,敦煌市
亚洲,中国,甘肃,庆阳,西峰区
亚洲,中国,甘肃,庆阳,庆城县
亚洲,中国,甘肃,庆阳,环县
亚洲,中国,甘肃,庆阳,华池县
亚洲,中国,甘肃,庆阳,合水县
亚洲,中国,甘肃,庆阳,正宁县
亚洲,中国,甘肃,庆阳,宁县
亚洲,中国,甘肃,庆阳,镇原县
亚洲,中国,甘肃,定西,安定区
亚洲,中国,甘肃,定西,通渭县
亚洲,中国,甘肃,定西,陇西县
亚洲,中国,甘肃,定西,渭源县
亚洲,中国,甘肃,定西,临洮县
亚洲,中国,甘肃,定西,漳县
亚洲,中国,甘肃,定西,岷县
亚洲,中国,甘肃,陇南,武都区
亚洲,中国,甘肃,陇南,成县
亚洲,中国,甘肃,陇南,文县
亚洲,中国,甘肃,陇南,宕昌县
亚洲,中国,甘肃,陇南,康县
亚洲,中国,甘肃,陇南,西和县
亚洲,中国,甘肃,陇南,礼县
亚洲,中国,甘肃,陇南,徽县
亚洲,中国,甘肃,陇南,两当县
亚洲,中国,甘肃,临夏,临夏市
亚洲,中国,甘肃,临夏,临夏县
亚洲,中国,甘肃,临夏,康乐县
亚洲,中国,甘肃,临夏,永靖县
亚洲,中国,甘肃,临夏,广河县
亚洲,中国,甘肃,临夏,和政县
亚洲,中国,甘肃,临夏,东乡族自治县
亚洲,中国,甘肃,临夏,积石山保安族东乡族撒拉族自治县
亚洲,中国,甘肃,甘南,合作市
亚洲,中国,甘肃,甘南,临潭县
亚洲,中国,甘肃,甘南,卓尼县
亚洲,中国,甘肃,甘南,舟曲县
亚洲,中国,甘肃,甘南,迭部县
亚洲,中国,甘肃,甘南,玛曲县
亚洲,中国,甘肃,甘南,碌曲县
亚洲,中国,甘肃,甘南,夏河县
亚洲,中国,青海,西宁,城东区
亚洲,中国,青海,西宁,城中区
亚洲,中国,青海,西宁,城西区
亚洲,中国,青海,西宁,城北区
亚洲,中国,青海,西宁,大通回族土族自治县
亚洲,中国,青海,西宁,湟中县
亚洲,中国,青海,西宁,湟源县
亚洲,中国,青海,海东,平安县
亚洲,中国,青海,海东,民和回族土族自治县
亚洲,中国,青海,海东,乐都县
亚洲,中国,青海,海东,互助土族自治县
亚洲,中国,青海,海东,化隆回族自治县
亚洲,中国,青海,海东,循化撒拉族自治县
亚洲,中国,青海,海北,门源回族自治县
亚洲,中国,青海,海北,祁连县
亚洲,中国,青海,海北,海晏县
亚洲,中国,青海,海北,刚察县
亚洲,中国,青海,黄南,同仁县
亚洲,中国,青海,黄南,尖扎县
亚洲,中国,青海,黄南,泽库县
亚洲,中国,青海,黄南,河南蒙古族自治县
亚洲,中国,青海,海南,共和县
亚洲,中国,青海,海南,同德县
亚洲,中国,青海,海南,贵德县
亚洲,中国,青海,海南,兴海县
亚洲,中国,青海,海南,贵南县
亚洲,中国,青海,果洛,玛沁县
亚洲,中国,青海,果洛,班玛县
亚洲,中国,青海,果洛,甘德县
亚洲,中国,青海,果洛,达日县
亚洲,中国,青海,果洛,久治县
亚洲,中国,青海,果洛,玛多县
亚洲,中国,青海,玉树,玉树县
亚洲,中国,青海,玉树,杂多县
亚洲,中国,青海,玉树,称多县
亚洲,中国,青海,玉树,治多县
亚洲,中国,青海,玉树,囊谦县
亚洲,中国,青海,玉树,曲麻莱县
亚洲,中国,青海,海西,格尔木市
亚洲,中国,青海,海西,德令哈市
亚洲,中国,青海,海西,乌兰县
亚洲,中国,青海,海西,都兰县
亚洲,中国,青海,海西,天峻县
亚洲,中国,宁夏,银川,兴庆区
亚洲,中国,宁夏,银川,西夏区
亚洲,中国,宁夏,银川,金凤区
亚洲,中国,宁夏,银川,永宁县
亚洲,中国,宁夏,银川,贺兰县
亚洲,中国,宁夏,银川,灵武市
亚洲,中国,宁夏,石嘴山,大武口区
亚洲,中国,宁夏,石嘴山,惠农区
亚洲,中国,宁夏,石嘴山,平罗县
亚洲,中国,宁夏,吴忠,利通区
亚洲,中国,宁夏,吴忠,红寺堡区
亚洲,中国,宁夏,吴忠,盐池县
亚洲,中国,宁夏,吴忠,同心县
亚洲,中国,宁夏,吴忠,青铜峡市
亚洲,中国,宁夏,固原,原州区
亚洲,中国,宁夏,固原,西吉县
亚洲,中国,宁夏,固原,隆德县
亚洲,中国,宁夏,固原,泾源县
亚洲,中国,宁夏,固原,彭阳县
亚洲,中国,宁夏,中卫,沙坡头区
亚洲,中国,宁夏,中卫,中宁县
亚洲,中国,宁夏,中卫,海原县
亚洲,中国,新疆,乌鲁木齐,天山区
亚洲,中国,新疆,乌鲁木齐,沙依巴克区
亚洲,中国,新疆,乌鲁木齐,新市区
亚洲,中国,新疆,乌鲁木齐,水磨沟区
亚洲,中国,新疆,乌鲁木齐,头屯河区
亚洲,中国,新疆,乌鲁木齐,达坂城区
亚洲,中国,新疆,乌鲁木齐,米东区
亚洲,中国,新疆,乌鲁木齐,乌鲁木齐县
亚洲,中国,新疆,克拉玛依,独山子区
亚洲,中国,新疆,克拉玛依,克拉玛依区
亚洲,中国,新疆,克拉玛依,白碱滩区
亚洲,中国,新疆,克拉玛依,乌尔禾区
亚洲,中国,新疆,吐鲁番,吐鲁番市
亚洲,中国,新疆,吐鲁番,鄯善县
亚洲,中国,新疆,吐鲁番,托克逊县
亚洲,中国,新疆,哈密,哈密市
亚洲,中国,新疆,哈密,巴里坤哈萨克自治县
亚洲,中国,新疆,哈密,伊吾县
亚洲,中国,新疆,昌吉,昌吉市
亚洲,中国,新疆,昌吉,阜康市
亚洲,中国,新疆,昌吉,呼图壁县
亚洲,中国,新疆,昌吉,玛纳斯县
亚洲,中国,新疆,昌吉,奇台县
亚洲,中国,新疆,昌吉,吉木萨尔县
亚洲,中国,新疆,昌吉,木垒哈萨克自治县
亚洲,中国,新疆,博尔塔拉,博乐市
亚洲,中国,新疆,博尔塔拉,精河县
亚洲,中国,新疆,博尔塔拉,温泉县
亚洲,中国,新疆,巴音郭楞,库尔勒市
亚洲,中国,新疆,巴音郭楞,轮台县
亚洲,中国,新疆,巴音郭楞,尉犁县
亚洲,中国,新疆,巴音郭楞,若羌县
亚洲,中国,新疆,巴音郭楞,且末县
亚洲,中国,新疆,巴音郭楞,焉耆回族自治县
亚洲,中国,新疆,巴音郭楞,和静县
亚洲,中国,新疆,巴音郭楞,和硕县
亚洲,中国,新疆,巴音郭楞,博湖县
亚洲,中国,新疆,阿克苏,阿克苏市
亚洲,中国,新疆,阿克苏,温宿县
亚洲,中国,新疆,阿克苏,库车县
亚洲,中国,新疆,阿克苏,沙雅县
亚洲,中国,新疆,阿克苏,新和县
亚洲,中国,新疆,阿克苏,拜城县
亚洲,中国,新疆,阿克苏,乌什县
亚洲,中国,新疆,阿克苏,阿瓦提县
亚洲,中国,新疆,阿克苏,柯坪县
亚洲,中国,新疆,克孜勒苏,阿图什市
亚洲,中国,新疆,克孜勒苏,阿克陶县
亚洲,中国,新疆,克孜勒苏,阿合奇县
亚洲,中国,新疆,克孜勒苏,乌恰县
亚洲,中国,新疆,喀什,喀什市
亚洲,中国,新疆,喀什,疏附县
亚洲,中国,新疆,喀什,疏勒县
亚洲,中国,新疆,喀什,英吉沙县
亚洲,中国,新疆,喀什,泽普县
亚洲,中国,新疆,喀什,莎车县
亚洲,中国,新疆,喀什,叶城县
亚洲,中国,新疆,喀什,麦盖提县
亚洲,中国,新疆,喀什,岳普湖县
亚洲,中国,新疆,喀什,伽师县
亚洲,中国,新疆,喀什,巴楚县
亚洲,中国,新疆,喀什,塔什库尔干塔吉克自治县
亚洲,中国,新疆,和田,和田市
亚洲,中国,新疆,和田,和田县
亚洲,中国,新疆,和田,墨玉县
亚洲,中国,新疆,和田,皮山县
亚洲,中国,新疆,和田,洛浦县
亚洲,中国,新疆,和田,策勒县
亚洲,中国,新疆,和田,于田县
亚洲,中国,新疆,和田,民丰县
亚洲,中国,新疆,伊犁,伊宁市
亚洲,中国,新疆,伊犁,奎屯市
亚洲,中国,新疆,伊犁,伊宁县
亚洲,中国,新疆,伊犁,察布查尔锡伯自治县
亚洲,中国,新疆,伊犁,霍城县
亚洲,中国,新疆,伊犁,巩留县
亚洲,中国,新疆,伊犁,新源县
亚洲,中国,新疆,伊犁,昭苏县
亚洲,中国,新疆,伊犁,特克斯县
亚洲,中国,新疆,伊犁,尼勒克县
亚洲,中国,新疆,塔城,塔城市
亚洲,中国,新疆,塔城,乌苏市
亚洲,中国,新疆,塔城,额敏县
亚洲,中国,新疆,塔城,沙湾县
亚洲,中国,新疆,塔城,托里县
亚洲,中国,新疆,塔城,裕民县
亚洲,中国,新疆,塔城,和布克赛尔蒙古自治县
亚洲,中国,新疆,阿勒泰,阿勒泰市
亚洲,中国,新疆,阿勒泰,布尔津县
亚洲,中国,新疆,阿勒泰,富蕴县
亚洲,中国,新疆,阿勒泰,福海县
亚洲,中国,新疆,阿勒泰,哈巴河县
亚洲,中国,新疆,阿勒泰,青河县
亚洲,中国,新疆,阿勒泰,吉木乃县
亚洲,中国,新疆,石河子,
亚洲,中国,新疆,阿拉尔,
亚洲,中国,新疆,图木舒克,
亚洲,中国,新疆,五家渠,
亚洲,中国,新疆,北屯,
亚洲,中国,台湾,台北市,
亚洲,中国,台湾,高雄市,
亚洲,中国,台湾,基隆市,
亚洲,中国,台湾,台中市,
亚洲,中国,台湾,台南市,
亚洲,中国,台湾,新竹市,
亚洲,中国,台湾,嘉义市,
亚洲,中国,台湾,台北县,
亚洲,中国,台湾,宜兰县,
亚洲,中国,台湾,桃园县,
亚洲,中国,台湾,新竹县,
亚洲,中国,台湾,苗栗县,
亚洲,中国,台湾,台中县,
亚洲,中国,台湾,彰化县,
亚洲,中国,台湾,南投县,
亚洲,中国,台湾,云林县,
亚洲,中国,台湾,嘉义县,
亚洲,中国,台湾,台南县,
亚洲,中国,台湾,高雄县,
亚洲,中国,台湾,屏东县,
亚洲,中国,台湾,台东县,
亚洲,中国,台湾,花莲县,
亚洲,中国,台湾,澎湖县,
亚洲,中国,,香港,中西区
亚洲,中国,,香港,东区
亚洲,中国,,香港,九龙城区
亚洲,中国,,香港,观塘区
亚洲,中国,,香港,南区
亚洲,中国,,香港,深水埗区
亚洲,中国,,香港,黄大仙区
亚洲,中国,,香港,湾仔区
亚洲,中国,,香港,油尖旺区
亚洲,中国,,香港,离岛区
亚洲,中国,,香港,葵青区
亚洲,中国,,香港,北区
亚洲,中国,,香港,西贡区
亚洲,中国,,香港,沙田区
亚洲,中国,,香港,屯门区
亚洲,中国,,香港,大埔区
亚洲,中国,,香港,荃湾区
亚洲,中国,,香港,元朗区
亚洲,中国,,澳门,花地玛堂区
亚洲,中国,,澳门,圣安多尼堂区
亚洲,中国,,澳门,大堂区
亚洲,中国,,澳门,望德堂区
亚洲,中国,,澳门,风顺堂区
亚洲,中国,,澳门,氹仔
亚洲,中国,,澳门,路环
欧洲,阿尔巴尼亚,,爱尔巴桑,
欧洲,阿尔巴尼亚,,迪勃拉,
欧洲,阿尔巴尼亚,,地拉那,
欧洲,阿尔巴尼亚,,都拉斯,
欧洲,阿尔巴尼亚,,发罗拉,
欧洲,阿尔巴尼亚,,费里,
欧洲,阿尔巴尼亚,,吉诺卡斯特,
欧洲,阿尔巴尼亚,,科尔察,
欧洲,阿尔巴尼亚,,库克斯,
欧洲,阿尔巴尼亚,,莱什,
欧洲,阿尔巴尼亚,,培拉特,
欧洲,阿尔巴尼亚,,斯库台,
欧洲,阿尔及利亚,,阿德拉尔,
欧洲,阿尔及利亚,,阿尔及尔,
欧洲,阿尔及利亚,,艾因·德夫拉,
欧洲,阿尔及利亚,,艾因·蒂姆尚特,
欧洲,阿尔及利亚,,安纳巴,
欧洲,阿尔及利亚,,奥兰,
欧洲,阿尔及利亚,,巴特纳,
欧洲,阿尔及利亚,,贝贾亚,
欧洲,阿尔及利亚,,贝沙尔,
欧洲,阿尔及利亚,,贝伊德,
欧洲,阿尔及利亚,,比斯克拉,
欧洲,阿尔及利亚,,布尔吉·布阿雷里吉,
欧洲,阿尔及利亚,,布利达,
欧洲,阿尔及利亚,,布迈德斯,
欧洲,阿尔及利亚,,布依拉,
欧洲,阿尔及利亚,,蒂巴扎,
欧洲,阿尔及利亚,,蒂斯姆西勒特,
欧洲,阿尔及利亚,,盖尔达耶,
欧洲,阿尔及利亚,,盖尔马,
欧洲,阿尔及利亚,,罕西拉,
欧洲,阿尔及利亚,,赫利赞,
欧洲,阿尔及利亚,,吉杰尔,
欧洲,阿尔及利亚,,杰勒法,
欧洲,阿尔及利亚,,君士坦丁,
欧洲,阿尔及利亚,,拉格瓦特,
欧洲,阿尔及利亚,,马斯卡拉,
欧洲,阿尔及利亚,,麦迪亚,
欧洲,阿尔及利亚,,密拉,
欧洲,阿尔及利亚,,莫斯塔加纳姆,
欧洲,阿尔及利亚,,姆西拉,
欧洲,阿尔及利亚,,纳阿马,
欧洲,阿尔及利亚,,塞蒂夫,
欧洲,阿尔及利亚,,赛伊达,
欧洲,阿尔及利亚,,斯基克达,
欧洲,阿尔及利亚,,苏克·阿赫拉斯,
欧洲,阿尔及利亚,,塔里夫,
欧洲,阿尔及利亚,,塔曼拉塞特,
欧洲,阿尔及利亚,,特贝萨,
欧洲,阿尔及利亚,,特莱姆森,
欧洲,阿尔及利亚,,提济乌祖,
欧洲,阿尔及利亚,,提亚雷特,
欧洲,阿尔及利亚,,廷杜夫,
欧洲,阿尔及利亚,,瓦德,
欧洲,阿尔及利亚,,瓦尔格拉,
欧洲,阿尔及利亚,,乌姆布阿基,
欧洲,阿尔及利亚,,西迪贝勒阿贝斯,
欧洲,阿尔及利亚,,谢里夫,
欧洲,阿尔及利亚,,伊利齐,
亚洲,阿富汗,,赫拉特,
亚洲,阿富汗,,喀布尔,
亚洲,阿富汗,,坎大哈,
亚洲,阿富汗,,马扎里沙里夫,
南美洲,阿根廷,,巴拉那,
南美洲,阿根廷,,别德马,
南美洲,阿根廷,,波萨达斯,
南美洲,阿根廷,,布兰卡港,
南美洲,阿根廷,,布宜诺斯艾利斯,
南美洲,阿根廷,,福莫萨,
南美洲,阿根廷,,胡胡伊,
南美洲,阿根廷,,卡塔马卡,
南美洲,阿根廷,,科尔多瓦,
南美洲,阿根廷,,科连特斯,
南美洲,阿根廷,,克劳斯城,
南美洲,阿根廷,,肯考迪娅,
南美洲,阿根廷,,拉里奥哈,
南美洲,阿根廷,,拉普拉塔,
南美洲,阿根廷,,雷西斯滕匹亚,
南美洲,阿根廷,,里奥加耶戈斯,
南美洲,阿根廷,,里奥夸尔托,
南美洲,阿根廷,,里瓦达维亚海军准将城,
南美洲,阿根廷,,罗萨里奥,
南美洲,阿根廷,,罗森,
南美洲,阿根廷,,马德普拉塔,
南美洲,阿根廷,,门多萨,
南美洲,阿根廷,,内乌肯,
南美洲,阿根廷,,萨尔塔,
南美洲,阿根廷,,圣地亚哥-德尔埃斯特罗,
南美洲,阿根廷,,圣菲,
南美洲,阿根廷,,圣胡安,
南美洲,阿根廷,,圣拉斐尔,
南美洲,阿根廷,,圣路易斯,
南美洲,阿根廷,,圣罗莎,
南美洲,阿根廷,,圣米格尔-德图库曼,
南美洲,阿根廷,,圣尼古拉斯,
南美洲,阿根廷,,特雷利乌,
南美洲,阿根廷,,乌斯怀亚,
亚洲,阿拉伯联合酋长国,,阿布扎比,
亚洲,阿拉伯联合酋长国,,艾因,
亚洲,阿拉伯联合酋长国,,迪拜,
亚洲,阿拉伯联合酋长国,,沙迦,
北美洲,阿鲁巴,,,
亚洲,阿曼,,巴提奈地区,
亚洲,阿曼,,达希莱地区,
亚洲,阿曼,,东部地区,
亚洲,阿曼,,马斯喀特省,
亚洲,阿曼,,穆桑达姆省,
亚洲,阿曼,,内地地区,
亚洲,阿曼,,中部地区,
亚洲,阿曼,,佐法尔省,
亚洲,阿塞拜疆,,阿布歇隆,
亚洲,阿塞拜疆,,哈奇马斯,
亚洲,阿塞拜疆,,卡尔巴卡尔,
亚洲,阿塞拜疆,,卡扎赫,
亚洲,阿塞拜疆,,连科兰,
亚洲,阿塞拜疆,,密尔-卡拉巴赫,
亚洲,阿塞拜疆,,穆甘-萨连,
亚洲,阿塞拜疆,,纳戈尔诺－卡拉巴赫,
亚洲,阿塞拜疆,,纳希切万,
亚洲,阿塞拜疆,,普利亚拉克斯,
亚洲,阿塞拜疆,,舍基,
亚洲,阿塞拜疆,,苏姆盖特,
亚洲,阿塞拜疆,,锡尔万,
亚洲,阿塞拜疆,,占贾,
亚洲,阿森松岛,,,
非洲,埃及,,阿斯旺,
非洲,埃及,,古尔代盖,
非洲,埃及,,开罗,
非洲,埃及,,苏布拉开马,
非洲,埃及,,亚历山大,
非洲,埃塞俄比亚,,阿法尔,
非洲,埃塞俄比亚,,阿姆哈拉,
非洲,埃塞俄比亚,,奥罗米亚,
非洲,埃塞俄比亚,,宾香古尔,
非洲,埃塞俄比亚,,德雷达瓦,
非洲,埃塞俄比亚,,甘贝拉各族,
非洲,埃塞俄比亚,,哈勒里民族,
非洲,埃塞俄比亚,,南方各族,
非洲,埃塞俄比亚,,索马里,
非洲,埃塞俄比亚,,提格雷,
非洲,埃塞俄比亚,,亚的斯亚贝巴,
欧洲,爱尔兰,,奥法利,
欧洲,爱尔兰,,蒂珀雷里,
欧洲,爱尔兰,,都柏林,
欧洲,爱尔兰,,多内加尔,
欧洲,爱尔兰,,戈尔韦,
欧洲,爱尔兰,,基尔代尔,
欧洲,爱尔兰,,基尔肯尼,
欧洲,爱尔兰,,卡范,
欧洲,爱尔兰,,卡洛,
欧洲,爱尔兰,,凯里,
欧洲,爱尔兰,,科克,
欧洲,爱尔兰,,克莱尔,
欧洲,爱尔兰,,朗福德,
欧洲,爱尔兰,,劳斯,
欧洲,爱尔兰,,崂斯,
欧洲,爱尔兰,,利默里克,
欧洲,爱尔兰,,利特里姆,
欧洲,爱尔兰,,罗斯康芒,
欧洲,爱尔兰,,梅奥,
欧洲,爱尔兰,,米斯,
欧洲,爱尔兰,,莫内根,
欧洲,爱尔兰,,斯莱戈,
欧洲,爱尔兰,,威克洛,
欧洲,爱尔兰,,韦克斯福德,
欧洲,爱尔兰,,沃特福德,
欧洲,爱尔兰,,西米斯,
欧洲,爱沙尼亚,,贝尔瓦,
欧洲,爱沙尼亚,,哈留,
欧洲,爱沙尼亚,,拉普拉,
欧洲,爱沙尼亚,,里亚内,
欧洲,爱沙尼亚,,帕尔努,
欧洲,爱沙尼亚,,萨雷,
欧洲,爱沙尼亚,,塔尔图,
欧洲,爱沙尼亚,,瓦尔加,
欧洲,爱沙尼亚,,维良地,
欧洲,爱沙尼亚,,维鲁,
欧洲,爱沙尼亚,,沃鲁,
欧洲,爱沙尼亚,,希尤,
欧洲,爱沙尼亚,,耶尔韦,
欧洲,爱沙尼亚,,耶盖瓦,
欧洲,爱沙尼亚,,依达－维鲁,
欧洲,安道尔,,安道尔城,
欧洲,安道尔,,奥尔迪诺,
欧洲,安道尔,,恩坎普,
欧洲,安道尔,,卡尼略,
欧洲,安道尔,,莱塞斯卡尔德－恩戈尔达,
欧洲,安道尔,,马萨纳,
欧洲,安道尔,,圣胡利娅－德洛里亚,
非洲,安哥拉,,北宽扎,
非洲,安哥拉,,北隆达,
非洲,安哥拉,,本戈,
非洲,安哥拉,,本格拉,
非洲,安哥拉,,比耶,
非洲,安哥拉,,卡宾达,
非洲,安哥拉,,库内内,
非洲,安哥拉,,宽多库邦戈,
非洲,安哥拉,,罗安达,
非洲,安哥拉,,马兰热,
非洲,安哥拉,,莫希科,
非洲,安哥拉,,纳米贝,
非洲,安哥拉,,南宽扎,
非洲,安哥拉,,南隆达,
非洲,安哥拉,,万博,
非洲,安哥拉,,威拉,
非洲,安哥拉,,威热,
非洲,安哥拉,,扎伊尔,
美洲,安圭拉,,,
美洲,安提瓜岛和巴布达,,,
大洋洲,澳大利亚,北部地区,北帕默斯顿,
大洋洲,澳大利亚,北部地区,达尔文,
大洋洲,澳大利亚,堪培拉,堪培拉,
大洋洲,澳大利亚,昆士兰,布里斯班,
大洋洲,澳大利亚,昆士兰,黄金海岸,
大洋洲,澳大利亚,昆士兰,凯恩斯,
大洋洲,澳大利亚,昆士兰,日光海岸,
大洋洲,澳大利亚,昆士兰,汤斯维尔,
大洋洲,澳大利亚,昆士兰,图文巴,
大洋洲,澳大利亚,南澳大利亚,阿德莱德,
大洋洲,澳大利亚,南澳大利亚,奥古斯塔港,
大洋洲,澳大利亚,南澳大利亚,甘比亚山,
大洋洲,澳大利亚,南澳大利亚,怀阿拉,
大洋洲,澳大利亚,南澳大利亚,林肯港,
大洋洲,澳大利亚,南澳大利亚,默里布里奇,
大洋洲,澳大利亚,南澳大利亚,皮里港,
大洋洲,澳大利亚,南澳大利亚,维克托港,
大洋洲,澳大利亚,塔斯马尼亚,伯尼港,
大洋洲,澳大利亚,塔斯马尼亚,德文波特,
大洋洲,澳大利亚,塔斯马尼亚,霍巴特,
大洋洲,澳大利亚,塔斯马尼亚,朗塞斯顿,
大洋洲,澳大利亚,维多利亚,吉朗,
大洋洲,澳大利亚,维多利亚,墨尔本,
大洋洲,澳大利亚,西澳大利亚,奥尔巴尼,
大洋洲,澳大利亚,西澳大利亚,班伯里,
大洋洲,澳大利亚,西澳大利亚,弗里曼特尔港,
大洋洲,澳大利亚,西澳大利亚,杰拉尔顿,
大洋洲,澳大利亚,西澳大利亚,卡尔古利,
大洋洲,澳大利亚,西澳大利亚,曼哲拉,
大洋洲,澳大利亚,西澳大利亚,珀斯,
大洋洲,澳大利亚,新南威尔士,纽卡斯尔,
大洋洲,澳大利亚,新南威尔士,伍伦贡,
大洋洲,澳大利亚,新南威尔士,悉尼,
欧洲,奥地利,,布尔根兰,
欧洲,奥地利,,蒂罗尔,
欧洲,奥地利,,福拉尔贝格,
欧洲,奥地利,,克恩顿,
欧洲,奥地利,,萨尔茨堡,
欧洲,奥地利,,上奥地利,
欧洲,奥地利,,施蒂利亚,
欧洲,奥地利,,维也纳,
欧洲,奥地利,,下奥地利,
欧洲,奥兰群岛,,,
美洲,巴巴多斯岛,,,
大洋洲,巴布亚新几内亚,,北部,
大洋洲,巴布亚新几内亚,,布干维尔,
大洋洲,巴布亚新几内亚,,东部高地,
大洋洲,巴布亚新几内亚,,东塞皮克,
大洋洲,巴布亚新几内亚,,东新不列颠,
大洋洲,巴布亚新几内亚,,恩加,
大洋洲,巴布亚新几内亚,,海湾,
大洋洲,巴布亚新几内亚,,马当,
大洋洲,巴布亚新几内亚,,马努斯,
大洋洲,巴布亚新几内亚,,米尔恩湾,
大洋洲,巴布亚新几内亚,,莫尔兹比港,
大洋洲,巴布亚新几内亚,,莫罗贝,
大洋洲,巴布亚新几内亚,,南部高地,
大洋洲,巴布亚新几内亚,,钦布,
大洋洲,巴布亚新几内亚,,桑道恩,
大洋洲,巴布亚新几内亚,,西部,
大洋洲,巴布亚新几内亚,,西部高地,
大洋洲,巴布亚新几内亚,,西新不列颠,
大洋洲,巴布亚新几内亚,,新爱尔兰,
美洲,巴哈马,,,
亚洲,巴基斯坦,,白沙瓦,
亚洲,巴基斯坦,,费萨拉巴德,
亚洲,巴基斯坦,,故吉软瓦拉,
亚洲,巴基斯坦,,海德拉巴,
亚洲,巴基斯坦,,卡拉奇,
亚洲,巴基斯坦,,拉合尔,
亚洲,巴基斯坦,,拉瓦尔品第,
亚洲,巴基斯坦,,木尔坦,
亚洲,巴基斯坦,,伊斯兰堡,
南美洲,巴拉圭,,阿曼拜,
南美洲,巴拉圭,,阿耶斯总统省,
南美洲,巴拉圭,,巴拉瓜里,
南美洲,巴拉圭,,博克龙,
南美洲,巴拉圭,,瓜伊拉,
南美洲,巴拉圭,,卡瓜苏,
南美洲,巴拉圭,,卡嫩迪尤,
南美洲,巴拉圭,,卡萨帕,
南美洲,巴拉圭,,康塞普西翁,
南美洲,巴拉圭,,科迪勒拉,
南美洲,巴拉圭,,米西奥内斯,
南美洲,巴拉圭,,涅恩布库,
南美洲,巴拉圭,,上巴拉圭,
南美洲,巴拉圭,,上巴拉那,
南美洲,巴拉圭,,圣佩德罗,
南美洲,巴拉圭,,亚松森特别区,
南美洲,巴拉圭,,伊塔普亚,
南美洲,巴拉圭,,中央,
亚洲,巴勒斯坦,,加沙地带,
亚洲,巴勒斯坦,,西岸,
亚洲,巴林,,北部,
亚洲,巴林,,哈德,
亚洲,巴林,,哈马德,
亚洲,巴林,,里法,
亚洲,巴林,,麦纳麦,
亚洲,巴林,,穆哈拉格,
亚洲,巴林,,西部,
亚洲,巴林,,伊萨城,
亚洲,巴林,,中部,
北美洲,巴拿马,,,
南美洲,巴西,,阿克里,
南美洲,巴西,,阿拉戈斯,
南美洲,巴西,,阿马帕,
南美洲,巴西,,巴拉那,
南美洲,巴西,,巴西利亚,
南美洲,巴西,,巴伊亚,
南美洲,巴西,,北里奥格兰德,
南美洲,巴西,,伯南布哥,
南美洲,巴西,,戈亚斯,
南美洲,巴西,,朗多尼亚,
南美洲,巴西,,里约热内卢,
南美洲,巴西,,罗赖马,
南美洲,巴西,,马拉尼昂,
南美洲,巴西,,马托格罗索,
南美洲,巴西,,米纳斯吉拉斯,
南美洲,巴西,,南里奥格兰德,
南美洲,巴西,,南马托格罗索,
南美洲,巴西,,帕拉,
南美洲,巴西,,帕拉伊巴,
南美洲,巴西,,皮奥伊,
南美洲,巴西,,塞阿拉,
南美洲,巴西,,塞尔希培,
南美洲,巴西,,圣埃斯皮里图,
南美洲,巴西,,圣保罗,
南美洲,巴西,,圣卡塔琳娜,
南美洲,巴西,,托坎廷斯,
南美洲,巴西,,亚马孙,
欧洲,白俄罗斯,,布列斯特,
欧洲,白俄罗斯,,戈梅利,
欧洲,白俄罗斯,,格罗德诺,
欧洲,白俄罗斯,,明斯克市,
欧洲,白俄罗斯,,莫吉廖夫,
欧洲,白俄罗斯,,维捷布斯克,
北美洲,百慕大,,,
欧洲,保加利亚,,布尔加斯,
欧洲,保加利亚,,卡斯科伏,
欧洲,保加利亚,,鲁塞,
欧洲,保加利亚,,洛维奇,
欧洲,保加利亚,,蒙塔纳,
欧洲,保加利亚,,普罗夫迪夫,
欧洲,保加利亚,,索非亚,
欧洲,保加利亚,,索非亚市,
欧洲,保加利亚,,瓦尔纳,
大洋洲,北马里亚纳群岛,,,
非洲,贝宁,,阿黎博里,
非洲,贝宁,,阿塔科拉,
非洲,贝宁,,滨海,
非洲,贝宁,,波希康市,
非洲,贝宁,,博尔古,
非洲,贝宁,,大西洋,
非洲,贝宁,,高原,
非洲,贝宁,,库福,
非洲,贝宁,,莫诺,
非洲,贝宁,,丘陵,
非洲,贝宁,,韦梅,
非洲,贝宁,,峡谷,
非洲,贝宁,,祖,
欧洲,比利时,,埃诺,
欧洲,比利时,,安特卫普,
欧洲,比利时,,布拉班特-瓦隆,
欧洲,比利时,,布鲁塞尔,
欧洲,比利时,,东佛兰德,
欧洲,比利时,,佛兰芒-布拉班特,
欧洲,比利时,,列日,
欧洲,比利时,,林堡,
欧洲,比利时,,卢森堡,
欧洲,比利时,,那慕尔,
欧洲,比利时,,西佛兰德,
欧洲,冰岛,,,
南美洲,波多黎各,,,
欧洲,波兰,,埃尔布隆格,
欧洲,波兰,,奥尔什丁,
欧洲,波兰,,奥斯特罗文卡,
欧洲,波兰,,比得哥什,
欧洲,波兰,,彼得库夫,
欧洲,波兰,,比托姆,
欧洲,波兰,,比亚瓦波德拉斯卡,
欧洲,波兰,,比亚维斯托克,
欧洲,波兰,,波莱,
欧洲,波兰,,波兹南,
欧洲,波兰,,达布罗瓦戈尼察,
欧洲,波兰,,大波兰地区戈茹夫,
欧洲,波兰,,弗罗茨瓦夫,
欧洲,波兰,,弗沃茨瓦韦克,
欧洲,波兰,,格但斯克,
欧洲,波兰,,格丁尼亚,
欧洲,波兰,,格利维采,
欧洲,波兰,,格鲁琼兹,
欧洲,波兰,,海乌姆,
欧洲,波兰,,华沙,
欧洲,波兰,,霍茹夫,
欧洲,波兰,,卡利什,
欧洲,波兰,,卡托维兹,
欧洲,波兰,,凯尔采,
欧洲,波兰,,科宁,
欧洲,波兰,,科沙林,
欧洲,波兰,,克拉科夫,
欧洲,波兰,,克罗斯诺,
欧洲,波兰,,拉多姆,
欧洲,波兰,,莱格尼察,
欧洲,波兰,,莱什诺,
欧洲,波兰,,卢布林,
欧洲,波兰,,鲁达,
欧洲,波兰,,罗兹,
欧洲,波兰,,绿山城,
欧洲,波兰,,米什洛维采,
欧洲,波兰,,皮瓦,
欧洲,波兰,,普热梅希尔,
欧洲,波兰,,普沃茨克,
欧洲,波兰,,切哈努夫,
欧洲,波兰,,热舒夫,
欧洲,波兰,,什切青,
欧洲,波兰,,斯凯尔涅维采,
欧洲,波兰,,斯武普斯克,
欧洲,波兰,,苏瓦乌基,
欧洲,波兰,,索波特,
欧洲,波兰,,索斯诺维茨,
欧洲,波兰,,塔尔努夫,
欧洲,波兰,,塔尔诺布热格,
欧洲,波兰,,特切,
欧洲,波兰,,托伦,
欧洲,波兰,,瓦乌布日赫,
欧洲,波兰,,沃姆扎,
欧洲,波兰,,希米亚诺维采,
欧洲,波兰,,希维诺乌伊希切,
欧洲,波兰,,希维托赫洛维采,
欧洲,波兰,,谢德尔采,
欧洲,波兰,,谢拉兹,
欧洲,波兰,,新松奇,
欧洲,波兰,,雅沃兹诺,
欧洲,波兰,,耶莱尼亚古拉,
欧洲,波兰,,扎布热,
欧洲,波兰,,扎莫希奇,
欧洲,玻利维亚,,奥尔托,
欧洲,玻利维亚,,奥鲁罗,
欧洲,玻利维亚,,贝尼,
欧洲,玻利维亚,,波多西,
欧洲,玻利维亚,,基拉科洛,
欧洲,玻利维亚,,科恰班巴,
欧洲,玻利维亚,,拉巴斯,
欧洲,玻利维亚,,潘多,
欧洲,玻利维亚,,丘基萨卡,
欧洲,玻利维亚,,萨卡巴,
欧洲,玻利维亚,,圣克鲁斯,
欧洲,玻利维亚,,塔里哈,
欧洲,波斯尼亚和黑塞哥维那,,波萨维纳,
欧洲,波斯尼亚和黑塞哥维那,,波斯尼亚－波德里涅,
欧洲,波斯尼亚和黑塞哥维那,,多米斯拉夫格勒,
欧洲,波斯尼亚和黑塞哥维那,,黑塞哥维那－涅雷特瓦,
欧洲,波斯尼亚和黑塞哥维那,,萨拉热窝,
欧洲,波斯尼亚和黑塞哥维那,,图兹拉－波德里涅,
欧洲,波斯尼亚和黑塞哥维那,,乌纳－萨纳,
欧洲,波斯尼亚和黑塞哥维那,,西波斯尼亚,
欧洲,波斯尼亚和黑塞哥维那,,西黑塞哥维那,
欧洲,波斯尼亚和黑塞哥维那,,泽尼察－多博伊,
欧洲,波斯尼亚和黑塞哥维那,,中波斯尼亚,
非洲,博茨瓦纳,,,
中美洲,伯利兹,,伯利兹,
中美洲,伯利兹,,橘园,
中美洲,伯利兹,,卡约,
中美洲,伯利兹,,科罗萨尔,
中美洲,伯利兹,,斯坦港,
中美洲,伯利兹,,托莱多,
亚洲,不丹,,,
非洲,布基纳法索,,巴雷,
非洲,布基纳法索,,巴姆,
非洲,布基纳法索,,巴瓦,
非洲,布基纳法索,,巴泽加,
非洲,布基纳法索,,波尼,
非洲,布基纳法索,,布尔古,
非洲,布基纳法索,,布尔基恩德,
非洲,布基纳法索,,布古里巴,
非洲,布基纳法索,,冈祖尔古,
非洲,布基纳法索,,古尔马,
非洲,布基纳法索,,济罗,
非洲,布基纳法索,,卡焦戈,
非洲,布基纳法索,,凯内杜古,
非洲,布基纳法索,,科蒙加里,
非洲,布基纳法索,,科莫埃,
非洲,布基纳法索,,孔皮恩加,
非洲,布基纳法索,,孔西,
非洲,布基纳法索,,库尔佩罗戈,
非洲,布基纳法索,,库尔维奥戈,
非洲,布基纳法索,,库里滕加,
非洲,布基纳法索,,雷拉巴,
非洲,布基纳法索,,罗卢姆,
非洲,布基纳法索,,穆翁,
非洲,布基纳法索,,纳门滕加,
非洲,布基纳法索,,纳乌里,
非洲,布基纳法索,,纳亚拉,
非洲,布基纳法索,,尼亚尼亚,
非洲,布基纳法索,,努姆比埃尔,
非洲,布基纳法索,,帕索雷,
非洲,布基纳法索,,塞诺,
非洲,布基纳法索,,桑吉,
非洲,布基纳法索,,桑马滕加,
非洲,布基纳法索,,苏鲁,
非洲,布基纳法索,,苏姆,
非洲,布基纳法索,,塔波阿,
非洲,布基纳法索,,图伊,
非洲,布基纳法索,,乌埃,
非洲,布基纳法索,,乌布里滕加,
非洲,布基纳法索,,乌达兰,
非洲,布基纳法索,,锡西里,
非洲,布基纳法索,,亚加,
非洲,布基纳法索,,亚滕加,
非洲,布基纳法索,,伊奥巴,
非洲,布基纳法索,,宗德韦奥戈,
非洲,布基纳法索,,宗多马,
非洲,布隆迪,,布班扎,
非洲,布隆迪,,布鲁里,
非洲,布隆迪,,布琼布拉城市,
非洲,布隆迪,,布琼布拉乡村,
非洲,布隆迪,,恩戈齐,
非洲,布隆迪,,基龙多,
非洲,布隆迪,,基特加,
非洲,布隆迪,,卡鲁济,
非洲,布隆迪,,卡扬扎,
非洲,布隆迪,,坎库佐,
非洲,布隆迪,,鲁塔纳,
非洲,布隆迪,,鲁伊吉,
非洲,布隆迪,,马坎巴,
非洲,布隆迪,,穆拉姆维亚,
非洲,布隆迪,,穆瓦洛,
非洲,布隆迪,,穆因加,
非洲,布隆迪,,锡比托凯,
非洲,布韦岛,,,
亚洲,朝鲜,,海州,
亚洲,朝鲜,,惠山,
亚洲,朝鲜,,江界,
亚洲,朝鲜,,开城,
亚洲,朝鲜,,罗先,
亚洲,朝鲜,,南浦,
亚洲,朝鲜,,平壤,
亚洲,朝鲜,,清津,
亚洲,朝鲜,,沙里院,
亚洲,朝鲜,,咸兴,
亚洲,朝鲜,,新义州,
亚洲,朝鲜,,元山,
欧洲,丹麦,,奥胡斯,
欧洲,丹麦,,北日德兰,
欧洲,丹麦,,博恩霍尔姆,
欧洲,丹麦,,菲特烈堡,
欧洲,丹麦,,菲茵,
欧洲,丹麦,,哥本哈根,
欧洲,丹麦,,里伯,
欧洲,丹麦,,灵克宾,
欧洲,丹麦,,罗斯基勒,
欧洲,丹麦,,南日德兰,
欧洲,丹麦,,斯多斯特姆,
欧洲,丹麦,,维堡,
欧洲,丹麦,,维厄勒,
欧洲,丹麦,,西希兰,
欧洲,德国,,阿恩斯贝格,
欧洲,德国,,爱尔福特,
欧洲,德国,,安斯巴格,
欧洲,德国,,奥格斯堡,
欧洲,德国,,柏林,
欧洲,德国,,拜伊罗特,
欧洲,德国,,比勒费尔德,
欧洲,德国,,波茨坦,
欧洲,德国,,波鸿,
欧洲,德国,,不来梅,
欧洲,德国,,不伦瑞克,
欧洲,德国,,达姆施塔特,
欧洲,德国,,代特莫尔特,
欧洲,德国,,德累斯顿,
欧洲,德国,,德绍,
欧洲,德国,,杜塞尔多夫,
欧洲,德国,,法兰克福,
欧洲,德国,,弗赖堡,
欧洲,德国,,哈雷,
欧洲,德国,,汉堡,
欧洲,德国,,汉诺威,
欧洲,德国,,基尔,
欧洲,德国,,吉森,
欧洲,德国,,卡尔斯鲁厄,
欧洲,德国,,卡塞尔,
欧洲,德国,,开姆尼斯,
欧洲,德国,,科布伦次,
欧洲,德国,,科隆,
欧洲,德国,,莱比锡,
欧洲,德国,,兰茨胡特,
欧洲,德国,,吕讷堡,
欧洲,德国,,马格德堡,
欧洲,德国,,曼海姆,
欧洲,德国,,美因兹,
欧洲,德国,,明斯特,
欧洲,德国,,慕尼黑,
欧洲,德国,,纽伦堡,
欧洲,德国,,什未林,
欧洲,德国,,斯图加特,
欧洲,德国,,特里尔,
欧洲,德国,,威斯巴登,
欧洲,德国,,维尔茨堡,
亚洲,东帝汶,,阿伊莱乌,
亚洲,东帝汶,,阿伊纳罗,
亚洲,东帝汶,,埃尔梅拉,
亚洲,东帝汶,,安贝诺,
亚洲,东帝汶,,包考,
亚洲,东帝汶,,博博纳罗,
亚洲,东帝汶,,帝力,
亚洲,东帝汶,,科瓦利马,
亚洲,东帝汶,,劳滕,
亚洲,东帝汶,,利基卡,
亚洲,东帝汶,,马纳图托,
亚洲,东帝汶,,马努法伊,
亚洲,东帝汶,,维克克,
非洲,多哥,,滨海区,
非洲,多哥,,草原区,
非洲,多哥,,高原区,
非洲,多哥,,卡拉区,
非洲,多哥,,中部区,
中美洲,多米尼加,,,
中美洲,多米尼加共和国,,,
欧洲,俄罗斯,,阿巴坎,
欧洲,俄罗斯,,阿尔汉格尔斯克,
欧洲,俄罗斯,,阿金斯科耶,
欧洲,俄罗斯,,阿纳德尔,
欧洲,俄罗斯,,阿斯特拉罕,
欧洲,俄罗斯,,埃利斯塔,
欧洲,俄罗斯,,奥廖尔,
欧洲,俄罗斯,,奥伦堡,
欧洲,俄罗斯,,巴尔瑙尔,
欧洲,俄罗斯,,奔萨,
欧洲,俄罗斯,,彼得罗巴甫洛夫斯克,
欧洲,俄罗斯,,彼得罗扎沃茨克,
欧洲,俄罗斯,,彼尔姆,
欧洲,俄罗斯,,比罗比詹,
欧洲,俄罗斯,,别尔哥罗德,
欧洲,俄罗斯,,伯力,
欧洲,俄罗斯,,布拉戈维申斯克,
欧洲,俄罗斯,,布良斯克,
欧洲,俄罗斯,,车里雅宾斯克,
欧洲,俄罗斯,,赤塔,
欧洲,俄罗斯,,顿河畔罗斯托夫,
欧洲,俄罗斯,,鄂木斯克,
欧洲,俄罗斯,,伏尔加格勒,
欧洲,俄罗斯,,弗拉基米尔,
欧洲,俄罗斯,,弗拉季高加索,
欧洲,俄罗斯,,戈尔诺－阿尔泰斯克,
欧洲,俄罗斯,,格罗兹尼,
欧洲,俄罗斯,,海参崴,
欧洲,俄罗斯,,汉特－曼西斯克,
欧洲,俄罗斯,,基洛夫,
欧洲,俄罗斯,,加里宁格勒,
欧洲,俄罗斯,,喀山,
欧洲,俄罗斯,,卡卢加,
欧洲,俄罗斯,,科斯特罗马,
欧洲,俄罗斯,,克拉斯诺达尔,
欧洲,俄罗斯,,克拉斯诺亚尔斯克,
欧洲,俄罗斯,,克麦罗沃,
欧洲,俄罗斯,,克孜勒,
欧洲,俄罗斯,,库德姆卡尔,
欧洲,俄罗斯,,库尔干,
欧洲,俄罗斯,,库尔斯克,
欧洲,俄罗斯,,利佩茨克,
欧洲,俄罗斯,,梁赞,
欧洲,俄罗斯,,马哈奇卡拉,
欧洲,俄罗斯,,马加丹,
欧洲,俄罗斯,,马加斯,
欧洲,俄罗斯,,迈科普,
欧洲,俄罗斯,,摩尔曼斯克,
欧洲,俄罗斯,,莫斯科,
欧洲,俄罗斯,,纳尔奇克,
欧洲,俄罗斯,,纳里扬马尔,
欧洲,俄罗斯,,南萨哈林斯克,
欧洲,俄罗斯,,诺夫哥罗德,
欧洲,俄罗斯,,帕拉纳,
欧洲,俄罗斯,,普斯科夫,
欧洲,俄罗斯,,切博克萨雷,
欧洲,俄罗斯,,切尔克斯克,
欧洲,俄罗斯,,秋明,
欧洲,俄罗斯,,萨拉托夫,
欧洲,俄罗斯,,萨兰斯克,
欧洲,俄罗斯,,萨列哈尔德,
欧洲,俄罗斯,,萨马拉,
欧洲,俄罗斯,,瑟克特夫卡尔,
欧洲,俄罗斯,,圣彼得堡,
欧洲,俄罗斯,,斯摩棱斯克,
欧洲,俄罗斯,,斯塔夫罗波尔,
欧洲,俄罗斯,,坦波夫,
欧洲,俄罗斯,,特维尔,
欧洲,俄罗斯,,图拉,
欧洲,俄罗斯,,托木斯克,
欧洲,俄罗斯,,沃罗涅什,
欧洲,俄罗斯,,沃洛格达,
欧洲,俄罗斯,,乌法,
欧洲,俄罗斯,,乌兰乌德,
欧洲,俄罗斯,,乌里扬诺夫斯克,
欧洲,俄罗斯,,乌斯季奥尔登斯基,
欧洲,俄罗斯,,下诺夫哥罗德,
欧洲,俄罗斯,,新西伯利亚,
欧洲,俄罗斯,,雅库茨克,
欧洲,俄罗斯,,雅罗斯拉夫尔,
欧洲,俄罗斯,,叶卡捷林堡,
欧洲,俄罗斯,,伊尔库茨克,
欧洲,俄罗斯,,伊热夫斯克,
欧洲,俄罗斯,,伊万诺沃,
欧洲,俄罗斯,,约什卡尔奥拉,
南美洲,厄瓜多尔,,阿苏艾,
南美洲,厄瓜多尔,,埃尔奥罗,
南美洲,厄瓜多尔,,埃斯梅拉尔达斯,
南美洲,厄瓜多尔,,玻利瓦尔,
南美洲,厄瓜多尔,,瓜亚斯,
南美洲,厄瓜多尔,,加拉帕戈斯,
南美洲,厄瓜多尔,,卡尔奇,
南美洲,厄瓜多尔,,卡尼亚尔,
南美洲,厄瓜多尔,,科托帕希,
南美洲,厄瓜多尔,,洛哈,
南美洲,厄瓜多尔,,洛斯里奥斯,
南美洲,厄瓜多尔,,马纳比,
南美洲,厄瓜多尔,,莫罗纳－圣地亚哥,
南美洲,厄瓜多尔,,纳波，奥雷利亚纳,
南美洲,厄瓜多尔,,帕斯塔萨,
南美洲,厄瓜多尔,,皮钦查,
南美洲,厄瓜多尔,,钦博拉索,
南美洲,厄瓜多尔,,萨莫拉－钦奇佩,
南美洲,厄瓜多尔,,苏昆毕奥斯,
南美洲,厄瓜多尔,,通古拉瓦,
南美洲,厄瓜多尔,,因巴布拉,
非洲,厄立特里亚,,安塞巴,
非洲,厄立特里亚,,北红海,
非洲,厄立特里亚,,加什·巴尔卡,
非洲,厄立特里亚,,南部,
非洲,厄立特里亚,,南红海,
非洲,厄立特里亚,,中部,
欧洲,法国,,阿尔勒,
欧洲,法国,,阿雅克修,
欧洲,法国,,艾克斯,
欧洲,法国,,奥尔良,
欧洲,法国,,巴黎,
欧洲,法国,,贝桑松,
欧洲,法国,,第戎,
欧洲,法国,,弗雷瑞斯,
欧洲,法国,,卡昂,
欧洲,法国,,雷恩,
欧洲,法国,,里昂,
欧洲,法国,,里尔,
欧洲,法国,,利摩日,
欧洲,法国,,鲁昂,
欧洲,法国,,马赛,
欧洲,法国,,梅斯,
欧洲,法国,,蒙彼利埃,
欧洲,法国,,南特,
欧洲,法国,,尼斯,
欧洲,法国,,沙隆,
欧洲,法国,,图卢兹,
欧洲,法国,,瓦朗斯,
欧洲,法国,,亚眠,
欧洲,法罗群岛,,,
欧洲,法属波利尼西亚,,,
欧洲,法属圭亚那,,,
欧洲,法属南部领地,,,
欧洲,梵蒂冈,,,
亚洲,菲律宾,,达沃,
亚洲,菲律宾,,卡卢坎,
亚洲,菲律宾,,马尼拉,
亚洲,菲律宾,,宿务,
大洋洲,斐济,,,
欧洲,芬兰,,埃斯波,
欧洲,芬兰,,奥卢,
欧洲,芬兰,,波里,
欧洲,芬兰,,博尔沃,
欧洲,芬兰,,海门林纳,
欧洲,芬兰,,赫尔辛基,
欧洲,芬兰,,卡亚尼,
欧洲,芬兰,,科科拉,
欧洲,芬兰,,科特卡,
欧洲,芬兰,,库奥皮奥,
欧洲,芬兰,,拉赫蒂,
欧洲,芬兰,,拉彭兰塔,
欧洲,芬兰,,罗瓦涅米,
欧洲,芬兰,,玛丽港,
欧洲,芬兰,,米凯利,
欧洲,芬兰,,坦佩雷,
欧洲,芬兰,,图尔库,
欧洲,芬兰,,瓦萨,
欧洲,芬兰,,万塔,
欧洲,芬兰,,约恩苏,
非洲,佛得角,,保尔,
非洲,佛得角,,波多诺伏,
非洲,佛得角,,博阿维斯塔岛,
非洲,佛得角,,布拉瓦岛,
非洲,佛得角,,大里贝拉,
非洲,佛得角,,福古岛,
非洲,佛得角,,马尤岛,
非洲,佛得角,,莫斯特罗,
非洲,佛得角,,普拉亚,
非洲,佛得角,,萨尔岛,
非洲,佛得角,,圣安唐岛,
非洲,佛得角,,圣地亚哥岛,
非洲,佛得角,,圣多明戈,
非洲,佛得角,,圣菲利普,
非洲,佛得角,,圣卡塔琳娜,
非洲,佛得角,,圣克鲁斯,
非洲,佛得角,,圣米戈尔,
非洲,佛得角,,圣尼古拉岛,
非洲,佛得角,,圣维森特岛,
非洲,佛得角,,塔拉法尔,
非洲,冈比亚,,,
非洲,刚果,,,
非洲,刚果民主共和国,,,
南美洲,哥伦比亚,,阿劳卡,
南美洲,哥伦比亚,,安提奥基亚,
南美洲,哥伦比亚,,北桑坦德,
南美洲,哥伦比亚,,波哥大首都区,
南美洲,哥伦比亚,,博利瓦尔,
南美洲,哥伦比亚,,博亚卡,
南美洲,哥伦比亚,,大西洋,
南美洲,哥伦比亚,,瓜维亚雷,
南美洲,哥伦比亚,,瓜希拉,
南美洲,哥伦比亚,,瓜伊尼亚,
南美洲,哥伦比亚,,金迪奥,
南美洲,哥伦比亚,,卡尔达斯,
南美洲,哥伦比亚,,卡克塔,
南美洲,哥伦比亚,,卡萨纳雷,
南美洲,哥伦比亚,,考卡,
南美洲,哥伦比亚,,考卡山谷,
南美洲,哥伦比亚,,科尔多巴,
南美洲,哥伦比亚,,昆迪纳马卡,
南美洲,哥伦比亚,,利萨拉尔达,
南美洲,哥伦比亚,,马格达雷那,
南美洲,哥伦比亚,,梅塔,
南美洲,哥伦比亚,,纳里尼奥,
南美洲,哥伦比亚,,普图马约,
南美洲,哥伦比亚,,乔科,
南美洲,哥伦比亚,,塞萨尔,
南美洲,哥伦比亚,,桑坦德,
南美洲,哥伦比亚,,圣安德烈斯-普罗维登西亚,
南美洲,哥伦比亚,,苏克雷,
南美洲,哥伦比亚,,托利马,
南美洲,哥伦比亚,,维查达,
南美洲,哥伦比亚,,沃佩斯,
南美洲,哥伦比亚,,乌伊拉,
南美洲,哥伦比亚,,亚马孙,
北美洲,哥斯达黎加,,阿拉胡埃拉,
北美洲,哥斯达黎加,,埃雷迪亚,
北美洲,哥斯达黎加,,瓜纳卡斯特,
北美洲,哥斯达黎加,,卡塔戈,
北美洲,哥斯达黎加,,利蒙,
北美洲,哥斯达黎加,,蓬塔雷纳斯,
北美洲,哥斯达黎加,,圣何塞,
欧洲,格恩西岛,,,
北美洲,格林纳达,,,
欧洲,格陵兰,,,
北美洲,古巴,,奥尔金,
北美洲,古巴,,比那尔德里奥,
北美洲,古巴,,比亚克拉拉,
北美洲,古巴,,格拉玛,
北美洲,古巴,,关塔那摩,
北美洲,古巴,,哈瓦那,
北美洲,古巴,,哈瓦那城,
北美洲,古巴,,卡马圭,
北美洲,古巴,,拉斯图纳斯,
北美洲,古巴,,马坦萨斯,
北美洲,古巴,,马亚里,
北美洲,古巴,,曼萨尼罗,
北美洲,古巴,,青年岛特区,
北美洲,古巴,,圣地亚哥,
北美洲,古巴,,圣斯皮里图斯,
北美洲,古巴,,西恩富戈斯,
北美洲,古巴,,谢戈德阿维拉,
中美洲,瓜德罗普,,,
亚洲,关岛,,,
南美洲,圭亚那,,埃塞奎博群岛-西德梅拉拉,
南美洲,圭亚那,,巴里马-瓦伊尼,
南美洲,圭亚那,,波默伦-苏佩纳姆,
南美洲,圭亚那,,波塔罗-锡帕鲁尼,
南美洲,圭亚那,,德梅拉拉-马海卡,
南美洲,圭亚那,,东伯比斯-科兰太因,
南美洲,圭亚那,,库尤尼-马扎鲁尼,
南美洲,圭亚那,,马海卡-伯比斯,
南美洲,圭亚那,,上德梅拉拉-伯比斯,
南美洲,圭亚那,,上塔库图-上埃塞奎博,
亚洲,哈萨克斯坦,,阿尔卡累克,
亚洲,哈萨克斯坦,,阿克莫拉,
亚洲,哈萨克斯坦,,阿克苏,
亚洲,哈萨克斯坦,,阿克托别,
亚洲,哈萨克斯坦,,阿拉木图,
亚洲,哈萨克斯坦,,阿雷斯,
亚洲,哈萨克斯坦,,阿斯塔纳市,
亚洲,哈萨克斯坦,,阿特劳,
亚洲,哈萨克斯坦,,埃基巴斯图兹,
亚洲,哈萨克斯坦,,巴尔喀什,
亚洲,哈萨克斯坦,,巴甫洛达尔,
亚洲,哈萨克斯坦,,北哈萨克斯坦,
亚洲,哈萨克斯坦,,东哈萨克斯坦,
亚洲,哈萨克斯坦,,济良诺夫斯克,
亚洲,哈萨克斯坦,,江布尔,
亚洲,哈萨克斯坦,,杰兹卡兹甘,
亚洲,哈萨克斯坦,,卡拉干达,
亚洲,哈萨克斯坦,,卡拉扎尔,
亚洲,哈萨克斯坦,,卡普恰盖,
亚洲,哈萨克斯坦,,科斯塔奈,
亚洲,哈萨克斯坦,,克孜勒奥尔达,
亚洲,哈萨克斯坦,,肯套,
亚洲,哈萨克斯坦,,库尔恰托夫,
亚洲,哈萨克斯坦,,利萨科夫斯克,
亚洲,哈萨克斯坦,,列宁诺戈尔斯克,
亚洲,哈萨克斯坦,,鲁德内,
亚洲,哈萨克斯坦,,曼格斯套,
亚洲,哈萨克斯坦,,南哈萨克斯坦,
亚洲,哈萨克斯坦,,萨兰,
亚洲,哈萨克斯坦,,塞梅伊,
亚洲,哈萨克斯坦,,沙赫京斯克,
亚洲,哈萨克斯坦,,斯捷普诺戈尔斯克,
亚洲,哈萨克斯坦,,铁克利,
亚洲,哈萨克斯坦,,铁米尔套,
亚洲,哈萨克斯坦,,突厥斯坦,
亚洲,哈萨克斯坦,,西哈萨克斯坦,
亚洲,哈萨克斯坦,,扎纳奥津,
北美洲,海地,,,
亚洲,韩国,大邱,达城郡,
亚洲,韩国,大邱,大邱,
亚洲,韩国,大邱,寿城区,
亚洲,韩国,大田,,
亚洲,韩国,釜山,,
亚洲,韩国,光州,,
亚洲,韩国,济州特别自治道,,
亚洲,韩国,江原道,春川市,
亚洲,韩国,江原道,东海市,
亚洲,韩国,江原道,高城郡,
亚洲,韩国,江原道,横城郡,
亚洲,韩国,江原道,洪川郡,
亚洲,韩国,江原道,华川郡,
亚洲,韩国,江原道,江陵市,
亚洲,韩国,江原道,旌善郡,
亚洲,韩国,江原道,麟蹄郡,
亚洲,韩国,江原道,宁越郡,
亚洲,韩国,江原道,平昌郡,
亚洲,韩国,江原道,三陟市,
亚洲,韩国,江原道,束草市,
亚洲,韩国,江原道,太白市,
亚洲,韩国,江原道,铁原郡,
亚洲,韩国,江原道,襄阳郡,
亚洲,韩国,江原道,杨口郡,
亚洲,韩国,江原道,原州市,
亚洲,韩国,京畿道,安城市,
亚洲,韩国,京畿道,安山市,
亚洲,韩国,京畿道,安养市,
亚洲,韩国,京畿道,抱川市,
亚洲,韩国,京畿道,城南市,
亚洲,韩国,京畿道,东豆川市,
亚洲,韩国,京畿道,富川市,
亚洲,韩国,京畿道,高阳市,
亚洲,韩国,京畿道,光明市,
亚洲,韩国,京畿道,广州市,
亚洲,韩国,京畿道,果川市,
亚洲,韩国,京畿道,河南市,
亚洲,韩国,京畿道,华城市,
亚洲,韩国,京畿道,加平郡,
亚洲,韩国,京畿道,金浦市,
亚洲,韩国,京畿道,九里市,
亚洲,韩国,京畿道,军浦市,
亚洲,韩国,京畿道,骊州郡,
亚洲,韩国,京畿道,利川市,
亚洲,韩国,京畿道,涟川郡,
亚洲,韩国,京畿道,龙仁市,
亚洲,韩国,京畿道,南杨州市,
亚洲,韩国,京畿道,平泽市,
亚洲,韩国,京畿道,坡州市,
亚洲,韩国,京畿道,始兴市,
亚洲,韩国,京畿道,水原市,
亚洲,韩国,京畿道,乌山市,
亚洲,韩国,京畿道,扬平郡,
亚洲,韩国,京畿道,杨州市,
亚洲,韩国,京畿道,仪旺市,
亚洲,韩国,京畿道,议政府市,
亚洲,韩国,庆尚北道,安东市,
亚洲,韩国,庆尚北道,奉化郡,
亚洲,韩国,庆尚北道,高灵郡,
亚洲,韩国,庆尚北道,龟尾市,
亚洲,韩国,庆尚北道,金泉市,
亚洲,韩国,庆尚北道,军威郡,
亚洲,韩国,庆尚北道,醴泉郡,
亚洲,韩国,庆尚北道,浦项市,
亚洲,韩国,庆尚北道,漆谷郡,
亚洲,韩国,庆尚北道,淸道郡,
亚洲,韩国,庆尚北道,靑松郡,
亚洲,韩国,庆尚北道,庆山市,
亚洲,韩国,庆尚北道,庆州市,
亚洲,韩国,庆尚北道,荣州市,
亚洲,韩国,庆尚北道,尙州市,
亚洲,韩国,庆尚北道,蔚珍郡,
亚洲,韩国,庆尚北道,闻庆市,
亚洲,韩国,庆尚北道,星州郡,
亚洲,韩国,庆尚北道,义城郡,
亚洲,韩国,庆尚北道,英阳郡,
亚洲,韩国,庆尚北道,盈德郡,
亚洲,韩国,庆尚北道,永川市,
亚洲,韩国,庆尚北道,郁陵郡,
亚洲,韩国,庆尚南道,昌宁郡,
亚洲,韩国,庆尚南道,昌原市,
亚洲,韩国,庆尚南道,固城郡,
亚洲,韩国,庆尚南道,河东郡,
亚洲,韩国,庆尚南道,金海市,
亚洲,韩国,庆尚南道,晋州市,
亚洲,韩国,庆尚南道,居昌郡,
亚洲,韩国,庆尚南道,巨济市,
亚洲,韩国,庆尚南道,梁山市,
亚洲,韩国,庆尚南道,马山市,
亚洲,韩国,庆尚南道,密阳市,
亚洲,韩国,庆尚南道,南海郡,
亚洲,韩国,庆尚南道,山淸郡,
亚洲,韩国,庆尚南道,泗川市,
亚洲,韩国,庆尚南道,统营市,
亚洲,韩国,庆尚南道,陜川郡,
亚洲,韩国,庆尚南道,咸安郡,
亚洲,韩国,庆尚南道,咸阳郡,
亚洲,韩国,庆尚南道,宜宁郡,
亚洲,韩国,庆尚南道,鎭海市,
亚洲,韩国,全罗北道,淳昌郡,
亚洲,韩国,全罗北道,扶安郡,
亚洲,韩国,全罗北道,高敞郡,
亚洲,韩国,全罗北道,金堤市,
亚洲,韩国,全罗北道,井邑市,
亚洲,韩国,全罗北道,茂朱郡,
亚洲,韩国,全罗北道,南原市,
亚洲,韩国,全罗北道,全州市,
亚洲,韩国,全罗北道,群山市,
亚洲,韩国,全罗北道,任实郡,
亚洲,韩国,全罗北道,完州郡,
亚洲,韩国,全罗北道,益山市,
亚洲,韩国,全罗北道,长水郡,
亚洲,韩国,全罗北道,鎭安郡,
亚洲,韩国,全罗南道,宝城郡,
亚洲,韩国,全罗南道,高兴郡,
亚洲,韩国,全罗南道,谷城郡,
亚洲,韩国,全罗南道,莞岛郡,
亚洲,韩国,全罗南道,光阳市,
亚洲,韩国,全罗南道,海南郡,
亚洲,韩国,全罗南道,和顺郡,
亚洲,韩国,全罗南道,康津郡,
亚洲,韩国,全罗南道,丽水市,
亚洲,韩国,全罗南道,灵光郡,
亚洲,韩国,全罗南道,灵岩郡,
亚洲,韩国,全罗南道,罗州市,
亚洲,韩国,全罗南道,木浦市,
亚洲,韩国,全罗南道,求礼郡,
亚洲,韩国,全罗南道,顺天市,
亚洲,韩国,全罗南道,潭阳郡,
亚洲,韩国,全罗南道,务安郡,
亚洲,韩国,全罗南道,咸平郡,
亚洲,韩国,全罗南道,新安郡,
亚洲,韩国,全罗南道,长城郡,
亚洲,韩国,全罗南道,长兴郡,
亚洲,韩国,全罗南道,珍岛郡,
亚洲,韩国,仁川,,
亚洲,韩国,首尔,,
亚洲,韩国,蔚山,,
亚洲,韩国,忠清北道,报恩郡,
亚洲,韩国,忠清北道,曾坪郡,
亚洲,韩国,忠清北道,丹阳郡,
亚洲,韩国,忠清北道,堤川市,
亚洲,韩国,忠清北道,槐山郡,
亚洲,韩国,忠清北道,淸原郡,
亚洲,韩国,忠清北道,淸州市,
亚洲,韩国,忠清北道,沃川郡,
亚洲,韩国,忠清北道,阴城郡,
亚洲,韩国,忠清北道,永同郡,
亚洲,韩国,忠清北道,鎭川郡,
亚洲,韩国,忠清北道,忠州市,
亚洲,韩国,忠清南道,保宁市,
亚洲,韩国,忠清南道,扶余郡,
亚洲,韩国,忠清南道,公州市,
亚洲,韩国,忠清南道,洪城郡,
亚洲,韩国,忠清南道,鸡龙市,
亚洲,韩国,忠清南道,锦山郡,
亚洲,韩国,忠清南道,礼山郡,
亚洲,韩国,忠清南道,论山市,
亚洲,韩国,忠清南道,青阳郡,
亚洲,韩国,忠清南道,瑞山市,
亚洲,韩国,忠清南道,舒川郡,
亚洲,韩国,忠清南道,泰安郡,
亚洲,韩国,忠清南道,唐津郡,
亚洲,韩国,忠清南道,天安市,
亚洲,韩国,忠清南道,牙山市,
亚洲,韩国,忠清南道,燕岐郡,
欧洲,荷兰,,阿尔梅勒,
欧洲,荷兰,,阿默斯福特,
欧洲,荷兰,,阿姆斯特丹,
欧洲,荷兰,,阿纳姆,
欧洲,荷兰,,阿珀尔多伦,
欧洲,荷兰,,阿森,
欧洲,荷兰,,埃德,
欧洲,荷兰,,埃门,
欧洲,荷兰,,埃因霍芬,
欧洲,荷兰,,布雷达,
欧洲,荷兰,,蒂尔堡,
欧洲,荷兰,,多德雷赫特,
欧洲,荷兰,,恩斯赫德,
欧洲,荷兰,,格罗宁根,
欧洲,荷兰,,哈勒姆,
欧洲,荷兰,,海牙,
欧洲,荷兰,,霍夫多尔普,
欧洲,荷兰,,莱顿,
欧洲,荷兰,,莱利斯塔德,
欧洲,荷兰,,鹿特丹,
欧洲,荷兰,,吕伐登,
欧洲,荷兰,,马斯特里赫特,
欧洲,荷兰,,米德尔堡,
欧洲,荷兰,,奈梅亨,
欧洲,荷兰,,斯海尔托亨博思,
欧洲,荷兰,,乌得勒支,
欧洲,荷兰,,兹沃勒,
欧洲,荷兰,,佐特尔梅,
北美洲,荷属安地列斯,,,
大洋洲,赫德和麦克唐纳群岛,,,
北美洲,洪都拉斯,,阿特兰蒂达,
北美洲,洪都拉斯,,埃尔帕拉伊索,
北美洲,洪都拉斯,,奥科特佩克,
北美洲,洪都拉斯,,奥兰乔,
北美洲,洪都拉斯,,弗朗西斯科-莫拉桑,
北美洲,洪都拉斯,,格拉西亚斯-阿迪奥斯,
北美洲,洪都拉斯,,海湾群岛,
北美洲,洪都拉斯,,科尔特斯,
北美洲,洪都拉斯,,科隆,
北美洲,洪都拉斯,,科马亚瓜,
北美洲,洪都拉斯,,科潘,
北美洲,洪都拉斯,,拉巴斯,
北美洲,洪都拉斯,,伦皮拉,
北美洲,洪都拉斯,,乔卢特卡,
北美洲,洪都拉斯,,乔罗马,
北美洲,洪都拉斯,,山谷,
北美洲,洪都拉斯,,圣巴巴拉,
北美洲,洪都拉斯,,因蒂布卡,
北美洲,洪都拉斯,,约罗,
大洋洲,基里巴斯,,菲尼克斯群岛,
大洋洲,基里巴斯,,吉尔伯特群岛,
大洋洲,基里巴斯,,莱恩群岛,
非洲,吉布提,,阿里萨比赫区,
非洲,吉布提,,奥博克区,
非洲,吉布提,,迪基勒区,
非洲,吉布提,,塔朱拉区,
亚洲,吉尔吉斯斯坦,,奥什,
亚洲,吉尔吉斯斯坦,,巴特肯,
亚洲,吉尔吉斯斯坦,,比什凯克市,
亚洲,吉尔吉斯斯坦,,楚河,
亚洲,吉尔吉斯斯坦,,贾拉拉巴德,
亚洲,吉尔吉斯斯坦,,卡拉巴尔塔,
亚洲,吉尔吉斯斯坦,,卡拉库尔,
亚洲,吉尔吉斯斯坦,,坎特,
亚洲,吉尔吉斯斯坦,,科克扬加克,
亚洲,吉尔吉斯斯坦,,迈利赛,
亚洲,吉尔吉斯斯坦,,纳伦,
亚洲,吉尔吉斯斯坦,,苏卢克图,
亚洲,吉尔吉斯斯坦,,塔拉斯,
亚洲,吉尔吉斯斯坦,,塔什库梅尔,
亚洲,吉尔吉斯斯坦,,乌兹根,
亚洲,吉尔吉斯斯坦,,伊塞克湖,
非洲,几内亚,,博凯,
非洲,几内亚,,恩泽雷科雷,
非洲,几内亚,,法拉纳,
非洲,几内亚,,金迪亚,
非洲,几内亚,,康康,
非洲,几内亚,,科纳克里,
非洲,几内亚,,拉贝,
非洲,几内亚,,玛木,
非洲,几内亚比绍,,,
北美洲,加拿大,,阿伯茨福,
北美洲,加拿大,,埃德蒙顿,
北美洲,加拿大,,奥沙瓦,
北美洲,加拿大,,巴里,
北美洲,加拿大,,布列塔尼角,
北美洲,加拿大,,多伦多,
北美洲,加拿大,,弗雷德里顿,
北美洲,加拿大,,圭尔夫,
北美洲,加拿大,,哈利法克斯,
北美洲,加拿大,,哈密尔顿,
北美洲,加拿大,,怀特霍斯,
北美洲,加拿大,,基劳纳,
北美洲,加拿大,,基奇纳,
北美洲,加拿大,,金斯敦,
北美洲,加拿大,,卡里加里,
北美洲,加拿大,,魁北克,
北美洲,加拿大,,里贾纳,
北美洲,加拿大,,伦敦,
北美洲,加拿大,,蒙特利尔,
北美洲,加拿大,,萨德伯里,
北美洲,加拿大,,萨斯卡通,
北美洲,加拿大,,三河城,
北美洲,加拿大,,桑德贝,
北美洲,加拿大,,舍布鲁克,
北美洲,加拿大,,圣卡塔琳娜,
北美洲,加拿大,,圣约翰斯,
北美洲,加拿大,,维多利亚,
北美洲,加拿大,,温哥华,
北美洲,加拿大,,温尼伯,
北美洲,加拿大,,温莎,
北美洲,加拿大,,渥太华,
北美洲,加拿大,,夏洛特敦,
北美洲,加拿大,,耶洛奈夫,
北美洲,加拿大,,伊魁特,
非洲,加纳,,阿散蒂,
非洲,加纳,,奥布阿西,
非洲,加纳,,北部,
非洲,加纳,,布朗阿哈福,
非洲,加纳,,大阿克拉,
非洲,加纳,,东部,
非洲,加纳,,上东部,
非洲,加纳,,上西部,
非洲,加纳,,沃尔特,
非洲,加纳,,西部,
非洲,加纳,,中部,
非洲,加蓬,,奥果韦-洛洛,
非洲,加蓬,,奥果韦-伊温多,
非洲,加蓬,,滨海奥果韦,
非洲,加蓬,,恩古涅,
非洲,加蓬,,河口,
非洲,加蓬,,尼扬加,
非洲,加蓬,,上奥果韦,
非洲,加蓬,,沃勒-恩特姆,
非洲,加蓬,,中奥果韦,
亚洲,柬埔寨,,奥多棉吉,
亚洲,柬埔寨,,白马市,
亚洲,柬埔寨,,柏威夏,
亚洲,柬埔寨,,拜林市,
亚洲,柬埔寨,,班迭棉吉,
亚洲,柬埔寨,,磅清扬,
亚洲,柬埔寨,,磅士卑,
亚洲,柬埔寨,,磅同,
亚洲,柬埔寨,,磅湛,
亚洲,柬埔寨,,波罗勉,
亚洲,柬埔寨,,茶胶,
亚洲,柬埔寨,,柴桢,
亚洲,柬埔寨,,干丹,
亚洲,柬埔寨,,戈公,
亚洲,柬埔寨,,贡布,
亚洲,柬埔寨,,金边市,
亚洲,柬埔寨,,桔井,
亚洲,柬埔寨,,腊塔纳基里,
亚洲,柬埔寨,,马德望,
亚洲,柬埔寨,,蒙多基里,
亚洲,柬埔寨,,菩萨,
亚洲,柬埔寨,,上丁,
亚洲,柬埔寨,,西哈努克市,
亚洲,柬埔寨,,暹粒,
欧洲,捷克共和国,,奥洛穆茨,
欧洲,捷克共和国,,比尔森,
欧洲,捷克共和国,,布拉格直辖市,
欧洲,捷克共和国,,赫拉德茨-克拉洛韦,
欧洲,捷克共和国,,卡罗维发利,
欧洲,捷克共和国,,利贝雷克,
欧洲,捷克共和国,,摩拉维亚-西里西亚,
欧洲,捷克共和国,,南摩拉维亚,
欧洲,捷克共和国,,帕尔杜比采,
欧洲,捷克共和国,,维索基纳,
欧洲,捷克共和国,,乌斯季,
欧洲,捷克共和国,,中捷克,
欧洲,捷克共和国,,兹林,
非洲,津巴布韦,,北马塔贝莱兰,
非洲,津巴布韦,,布拉瓦约,
非洲,津巴布韦,,东马绍纳兰,
非洲,津巴布韦,,哈拉雷,
非洲,津巴布韦,,马尼卡兰,
非洲,津巴布韦,,马斯温戈,
非洲,津巴布韦,,南马塔贝莱兰,
非洲,津巴布韦,,西马绍纳兰,
非洲,津巴布韦,,中部,
非洲,津巴布韦,,中马绍纳兰,
非洲,喀麦隆,,阿达马瓦,
非洲,喀麦隆,,北部,
非洲,喀麦隆,,北端,
非洲,喀麦隆,,滨海,
非洲,喀麦隆,,东部,
非洲,喀麦隆,,南部,
非洲,喀麦隆,,西北,
非洲,喀麦隆,,西部,
非洲,喀麦隆,,西南,
非洲,喀麦隆,,中央,
亚洲,卡塔尔,,北部,
亚洲,卡塔尔,,多哈,
亚洲,卡塔尔,,古韦里耶,
亚洲,卡塔尔,,豪尔,
亚洲,卡塔尔,,杰里扬拜特奈,
亚洲,卡塔尔,,赖扬,
亚洲,卡塔尔,,沃克拉,
亚洲,卡塔尔,,乌姆锡拉勒,
亚洲,卡塔尔,,朱迈利耶,
北美洲,开曼群岛,,,
大洋洲,科科斯群岛,,,
非洲,科摩罗,,,
非洲,科特迪瓦,,阿涅比,
非洲,科特迪瓦,,巴芬,
非洲,科特迪瓦,,邦达马河谷,
非洲,科特迪瓦,,登盖莱,
非洲,科特迪瓦,,恩济－科莫埃,
非洲,科特迪瓦,,弗罗马格尔,
非洲,科特迪瓦,,湖泊,
非洲,科特迪瓦,,马拉韦,
非洲,科特迪瓦,,南邦达马,
非洲,科特迪瓦,,南科莫埃,
非洲,科特迪瓦,,萨桑德拉,
非洲,科特迪瓦,,萨瓦纳,
非洲,科特迪瓦,,山地,
非洲,科特迪瓦,,沃罗杜古,
非洲,科特迪瓦,,下萨桑德拉,
非洲,科特迪瓦,,泻湖,
非洲,科特迪瓦,,赞赞,
非洲,科特迪瓦,,中卡瓦利,
非洲,科特迪瓦,,中科莫埃,
欧洲,科威特,,,
欧洲,克罗地亚,,奥西耶克-巴拉尼亚,
欧洲,克罗地亚,,别洛瓦尔-比洛戈拉,
欧洲,克罗地亚,,滨海和山区,
欧洲,克罗地亚,,波热加-斯拉沃尼亚,
欧洲,克罗地亚,,布罗德-波萨维纳,
欧洲,克罗地亚,,杜布罗夫斯克-内雷特瓦,
欧洲,克罗地亚,,卡尔洛瓦茨,
欧洲,克罗地亚,,科普里夫尼察-克里热夫齐,
欧洲,克罗地亚,,克拉皮纳-扎戈列,
欧洲,克罗地亚,,利卡-塞尼,
欧洲,克罗地亚,,梅吉穆列,
欧洲,克罗地亚,,萨格勒布,
欧洲,克罗地亚,,萨格勒布市,
欧洲,克罗地亚,,斯普利特-达尔马提亚,
欧洲,克罗地亚,,瓦拉日丁,
欧洲,克罗地亚,,维罗维蒂察-波德拉维纳,
欧洲,克罗地亚,,武科瓦尔-斯里耶姆,
欧洲,克罗地亚,,希贝尼克-克宁,
欧洲,克罗地亚,,锡萨克-莫斯拉维纳,
欧洲,克罗地亚,,伊斯特拉,
欧洲,克罗地亚,,扎达尔,
非洲,肯尼亚,,埃尔格约-马拉奎特,
非洲,肯尼亚,,巴林戈,
非洲,肯尼亚,,邦戈马,
非洲,肯尼亚,,博美特,
非洲,肯尼亚,,布希亚,
非洲,肯尼亚,,恩布,
非洲,肯尼亚,,霍马湾,
非洲,肯尼亚,,基安布,
非洲,肯尼亚,,基里菲,
非洲,肯尼亚,,基里尼亚加,
非洲,肯尼亚,,基苏木,
非洲,肯尼亚,,基图伊,
非洲,肯尼亚,,基西,
非洲,肯尼亚,,加里萨,
非洲,肯尼亚,,卡卡梅加,
非洲,肯尼亚,,卡耶亚多,
非洲,肯尼亚,,凯里乔,
非洲,肯尼亚,,夸勒,
非洲,肯尼亚,,拉木,
非洲,肯尼亚,,莱基皮亚,
非洲,肯尼亚,,马查科斯,
非洲,肯尼亚,,马瓜尼,
非洲,肯尼亚,,马萨布布,
非洲,肯尼亚,,曼德拉,
非洲,肯尼亚,,梅鲁,
非洲,肯尼亚,,蒙巴萨,
非洲,肯尼亚,,米戈利,
非洲,肯尼亚,,穆兰卡,
非洲,肯尼亚,,纳库鲁,
非洲,肯尼亚,,纳罗克,
非洲,肯尼亚,,南迪,
非洲,肯尼亚,,内罗毕,
非洲,肯尼亚,,尼蒂,
非洲,肯尼亚,,尼亚米拉,
非洲,肯尼亚,,年达鲁阿,
非洲,肯尼亚,,涅里,
非洲,肯尼亚,,桑布卢,
非洲,肯尼亚,,塔纳河,
非洲,肯尼亚,,泰塔塔维塔,
非洲,肯尼亚,,特兰斯-恩佐亚,
非洲,肯尼亚,,图尔卡纳,
非洲,肯尼亚,,瓦吉尔,
非洲,肯尼亚,,瓦辛基苏,
非洲,肯尼亚,,韦希加,
非洲,肯尼亚,,西波克特,
非洲,肯尼亚,,夏亚,
非洲,肯尼亚,,伊希约洛,
非洲,肯尼亚,,中央,
大洋洲,库克群岛,,,
欧洲,拉脱维亚,,阿卢克斯内,
欧洲,拉脱维亚,,爱兹克劳克雷,
欧洲,拉脱维亚,,奥格雷,
欧洲,拉脱维亚,,巴尔维,
欧洲,拉脱维亚,,包斯卡,
欧洲,拉脱维亚,,采西斯,
欧洲,拉脱维亚,,多贝莱,
欧洲,拉脱维亚,,古尔贝内,
欧洲,拉脱维亚,,杰卡布皮尔斯,
欧洲,拉脱维亚,,克拉斯拉瓦,
欧洲,拉脱维亚,,库尔迪加,
欧洲,拉脱维亚,,雷泽克内,
欧洲,拉脱维亚,,里加,
欧洲,拉脱维亚,,利耶帕亚,
欧洲,拉脱维亚,,林巴济,
欧洲,拉脱维亚,,卢扎,
欧洲,拉脱维亚,,马多纳,
欧洲,拉脱维亚,,普雷利,
欧洲,拉脱维亚,,萨尔杜斯,
欧洲,拉脱维亚,,塔尔西,
欧洲,拉脱维亚,,陶格夫皮尔斯,
欧洲,拉脱维亚,,图库马,
欧洲,拉脱维亚,,瓦尔加,
欧洲,拉脱维亚,,瓦尔米耶拉,
欧洲,拉脱维亚,,文茨皮尔斯,
欧洲,拉脱维亚,,叶尔加瓦,
非洲,莱索托,,伯里亚,
非洲,莱索托,,布塔布泰,
非洲,莱索托,,古廷,
非洲,莱索托,,加查斯内克,
非洲,莱索托,,莱里贝,
非洲,莱索托,,马费滕,
非洲,莱索托,,马塞卢,
非洲,莱索托,,莫哈莱斯胡克,
非洲,莱索托,,莫霍特隆,
非洲,莱索托,,塔巴采卡,
亚洲,老挝,,阿速坡,
亚洲,老挝,,波里坎赛,
亚洲,老挝,,博乔,
亚洲,老挝,,川圹,
亚洲,老挝,,丰沙里,
亚洲,老挝,,甘蒙,
亚洲,老挝,,华潘,
亚洲,老挝,,琅勃拉邦,
亚洲,老挝,,琅南塔,
亚洲,老挝,,赛宋本行政特区,
亚洲,老挝,,色贡,
亚洲,老挝,,沙拉湾,
亚洲,老挝,,沙湾拿吉,
亚洲,老挝,,沙耶武里,
亚洲,老挝,,万象,
亚洲,老挝,,乌多姆赛,
亚洲,老挝,,占巴塞,
亚洲,黎巴嫩,,北部,
亚洲,黎巴嫩,,贝卡,
亚洲,黎巴嫩,,贝鲁特,
亚洲,黎巴嫩,,黎巴嫩山,
亚洲,黎巴嫩,,奈拜提耶市,
亚洲,黎巴嫩,,南部,
非洲,利比里亚,,巴波卢,
非洲,利比里亚,,邦,
非洲,利比里亚,,博波卢,
非洲,利比里亚,,博米,
非洲,利比里亚,,大巴萨,
非洲,利比里亚,,大吉德,
非洲,利比里亚,,大角山,
非洲,利比里亚,,大克鲁,
非洲,利比里亚,,菲什敦,
非洲,利比里亚,,吉河,
非洲,利比里亚,,里弗塞斯,
非洲,利比里亚,,洛法,
非洲,利比里亚,,马吉比,
非洲,利比里亚,,马里兰,
非洲,利比里亚,,蒙特塞拉多,
非洲,利比里亚,,宁巴,
非洲,利比里亚,,锡诺,
亚洲,利比亚,,,
欧洲,立陶宛,,阿利图斯,
欧洲,立陶宛,,考纳斯,
欧洲,立陶宛,,克莱佩达,
欧洲,立陶宛,,马里扬泊列,
欧洲,立陶宛,,帕涅韦日斯,
欧洲,立陶宛,,陶拉格,
欧洲,立陶宛,,特尔希艾,
欧洲,立陶宛,,维尔纽斯,
欧洲,立陶宛,,乌田纳,
欧洲,立陶宛,,希奥利艾,
欧洲,立陶宛,,亚克曼,
欧洲,列支敦士登,,,
欧洲,卢森堡,,迪基希,
欧洲,卢森堡,,格雷文马赫,
欧洲,卢森堡,,卢森堡,
非洲,卢旺达,,比温巴,
非洲,卢旺达,,布塔雷,
非洲,卢旺达,,恩延扎,
非洲,卢旺达,,基本古,
非洲,卢旺达,,基布耶,
非洲,卢旺达,,基加利-恩加利,
非洲,卢旺达,,基加利市,
非洲,卢旺达,,吉孔戈罗,
非洲,卢旺达,,吉塞尼,
非洲,卢旺达,,吉塔拉马,
非洲,卢旺达,,卡布加,
非洲,卢旺达,,卢瓦马加纳,
非洲,卢旺达,,鲁汉戈,
非洲,卢旺达,,鲁亨盖里,
非洲,卢旺达,,尚古古,
非洲,卢旺达,,乌姆塔拉,
欧洲,罗马尼亚,,阿尔巴尤利亚,
欧洲,罗马尼亚,,阿拉德,
欧洲,罗马尼亚,,奥拉迪亚,
欧洲,罗马尼亚,,巴克乌,
欧洲,罗马尼亚,,巴亚马雷,
欧洲,罗马尼亚,,比斯特里察,
欧洲,罗马尼亚,,博托沙尼,
欧洲,罗马尼亚,,布加勒斯特,
欧洲,罗马尼亚,,布拉索夫,
欧洲,罗马尼亚,,布勒伊拉,
欧洲,罗马尼亚,,布泽乌,
欧洲,罗马尼亚,,德罗贝塔-塞维林堡,
欧洲,罗马尼亚,,德瓦,
欧洲,罗马尼亚,,蒂米什瓦拉,
欧洲,罗马尼亚,,福克沙尼,
欧洲,罗马尼亚,,加拉茨,
欧洲,罗马尼亚,,久尔久,
欧洲,罗马尼亚,,康斯坦察,
欧洲,罗马尼亚,,克拉约瓦,
欧洲,罗马尼亚,,克勒拉希,
欧洲,罗马尼亚,,克卢日纳波卡,
欧洲,罗马尼亚,,勒姆尼库沃尔恰,
欧洲,罗马尼亚,,雷希察,
欧洲,罗马尼亚,,梅尔库里亚丘克,
欧洲,罗马尼亚,,皮特什蒂,
欧洲,罗马尼亚,,皮亚特拉尼亚姆茨,
欧洲,罗马尼亚,,普洛耶什蒂,
欧洲,罗马尼亚,,萨图·马雷,
欧洲,罗马尼亚,,圣格奥尔基,
欧洲,罗马尼亚,,斯拉蒂纳,
欧洲,罗马尼亚,,斯洛博齐亚,
欧洲,罗马尼亚,,苏恰瓦,
欧洲,罗马尼亚,,特尔戈维什泰,
欧洲,罗马尼亚,,特尔古穆列什,
欧洲,罗马尼亚,,特尔古日乌,
欧洲,罗马尼亚,,图尔恰,
欧洲,罗马尼亚,,瓦斯卢伊,
欧洲,罗马尼亚,,锡比乌,
欧洲,罗马尼亚,,雅西,
欧洲,罗马尼亚,,亚厉山德里亚,
欧洲,罗马尼亚,,扎勒乌,
非洲,马达加斯加,,安齐拉纳纳,
非洲,马达加斯加,,菲亚纳兰楚阿,
非洲,马达加斯加,,马哈赞加,
非洲,马达加斯加,,塔那那利佛,
非洲,马达加斯加,,图阿马西拉,
非洲,马达加斯加,,图利亚拉,
亚洲,马尔代夫,,阿杜,
亚洲,马尔代夫,,北阿里,
亚洲,马尔代夫,,北蒂拉杜马蒂,
亚洲,马尔代夫,,北马洛斯马杜卢,
亚洲,马尔代夫,,北米拉杜马杜卢,
亚洲,马尔代夫,,北尼兰杜,
亚洲,马尔代夫,,北苏瓦迪瓦,
亚洲,马尔代夫,,法迪福卢,
亚洲,马尔代夫,,费利杜,
亚洲,马尔代夫,,福阿穆拉库,
亚洲,马尔代夫,,哈杜马蒂,
亚洲,马尔代夫,,科卢马杜卢,
亚洲,马尔代夫,,马累,
亚洲,马尔代夫,,马累岛,
亚洲,马尔代夫,,穆拉库,
亚洲,马尔代夫,,南阿里,
亚洲,马尔代夫,,南蒂拉杜马蒂,
亚洲,马尔代夫,,南马洛斯马杜卢,
亚洲,马尔代夫,,南米拉杜马杜卢,
亚洲,马尔代夫,,南尼兰杜,
亚洲,马尔代夫,,南苏瓦迪瓦,
欧洲,马耳他,,,
非洲,马拉维,,北部区,
非洲,马拉维,,南部区,
非洲,马拉维,,中央区,
亚洲,马来西亚,槟榔屿,北海,
亚洲,马来西亚,槟榔屿,槟城,
亚洲,马来西亚,槟榔屿,大山脚,
亚洲,马来西亚,槟榔屿,高渊,
亚洲,马来西亚,玻璃市,加央,
亚洲,马来西亚,丁加奴,甘马挽,
亚洲,马来西亚,丁加奴,瓜拉丁加奴,
亚洲,马来西亚,丁加奴,龙运,
亚洲,马来西亚,丁加奴,马江,
亚洲,马来西亚,丁加奴,实兆,
亚洲,马来西亚,丁加奴,乌鲁,
亚洲,马来西亚,丁加奴,勿述,
亚洲,马来西亚,吉打,巴东得腊,
亚洲,马来西亚,吉打,笨筒,
亚洲,马来西亚,吉打,浮罗交怡,
亚洲,马来西亚,吉打,哥打士打,
亚洲,马来西亚,吉打,古邦巴素,
亚洲,马来西亚,吉打,瓜拉姆达,
亚洲,马来西亚,吉打,华玲,
亚洲,马来西亚,吉打,居林,
亚洲,马来西亚,吉打,万拉峇鲁,
亚洲,马来西亚,吉兰丹,巴西富地,
亚洲,马来西亚,吉兰丹,巴西马,
亚洲,马来西亚,吉兰丹,丹那美拉,
亚洲,马来西亚,吉兰丹,道北,
亚洲,马来西亚,吉兰丹,登卓,
亚洲,马来西亚,吉兰丹,哥打巴鲁,
亚洲,马来西亚,吉兰丹,瓜拉吉赖,
亚洲,马来西亚,吉兰丹,话望生,
亚洲,马来西亚,吉兰丹,马樟,
亚洲,马来西亚,吉兰丹,日里,
亚洲,马来西亚,吉隆坡,吉隆坡,
亚洲,马来西亚,马六甲,马六甲市,
亚洲,马来西亚,马六甲,亚罗牙也,
亚洲,马来西亚,马六甲,野新,
亚洲,马来西亚,纳闽,纳闽,
亚洲,马来西亚,纳闽,维多利亚,
亚洲,马来西亚,彭亨,百乐,
亚洲,马来西亚,彭亨,北根,
亚洲,马来西亚,彭亨,淡马鲁,
亚洲,马来西亚,彭亨,而连突,
亚洲,马来西亚,彭亨,关丹,
亚洲,马来西亚,彭亨,金马仑高原,
亚洲,马来西亚,彭亨,劳勿,
亚洲,马来西亚,彭亨,立卑,
亚洲,马来西亚,彭亨,马兰,
亚洲,马来西亚,彭亨,文冬,
亚洲,马来西亚,彭亨,云冰,
亚洲,马来西亚,霹雳,安顺,
亚洲,马来西亚,霹雳,丹绒马,
亚洲,马来西亚,霹雳,和丰,
亚洲,马来西亚,霹雳,紅土坎,
亚洲,马来西亚,霹雳,华都牙也,
亚洲,马来西亚,霹雳,江沙,
亚洲,马来西亚,霹雳,太平,
亚洲,马来西亚,霹雳,怡保,
亚洲,马来西亚,柔佛,笨珍,
亚洲,马来西亚,柔佛,丰盛港,
亚洲,马来西亚,柔佛,哥打丁宜,
亚洲,马来西亚,柔佛,居銮,
亚洲,马来西亚,柔佛,峇株巴辖,
亚洲,马来西亚,柔佛,麻坡,
亚洲,马来西亚,柔佛,昔加末,
亚洲,马来西亚,柔佛,新山,
亚洲,马来西亚,森美兰,波德申,
亚洲,马来西亚,森美兰,淡边,
亚洲,马来西亚,森美兰,芙蓉,
亚洲,马来西亚,森美兰,瓜拉庇劳,
亚洲,马来西亚,森美兰,林茂,
亚洲,马来西亚,森美兰,仁保,
亚洲,马来西亚,森美兰,日叻务,
亚洲,马来西亚,沙巴,吧巴,
亚洲,马来西亚,沙巴,保佛,
亚洲,马来西亚,沙巴,比鲁兰,
亚洲,马来西亚,沙巴,必达士,
亚洲,马来西亚,沙巴,兵南邦,
亚洲,马来西亚,沙巴,担布南,
亚洲,马来西亚,沙巴,丹南,
亚洲,马来西亚,沙巴,斗湖,
亚洲,马来西亚,沙巴,斗亚兰,
亚洲,马来西亚,沙巴,哥打基纳巴鲁,
亚洲,马来西亚,沙巴,哥打马鲁都,
亚洲,马来西亚,沙巴,根地咬,
亚洲,马来西亚,沙巴,古达,
亚洲,马来西亚,沙巴,古打毛律,
亚洲,马来西亚,沙巴,古纳,
亚洲,马来西亚,沙巴,瓜拉班尤,
亚洲,马来西亚,沙巴,京那巴登岸,
亚洲,马来西亚,沙巴,兰脑,
亚洲,马来西亚,沙巴,拿笃,
亚洲,马来西亚,沙巴,纳巴湾,
亚洲,马来西亚,沙巴,山打根,
亚洲,马来西亚,沙巴,西比陶,
亚洲,马来西亚,沙巴,仙本那,
亚洲,马来西亚,沙捞越,古晋,
亚洲,马来西亚,沙捞越,加帛,
亚洲,马来西亚,沙捞越,林梦,
亚洲,马来西亚,沙捞越,美里,
亚洲,马来西亚,沙捞越,民都鲁,
亚洲,马来西亚,沙捞越,木胶,
亚洲,马来西亚,沙捞越,木中,
亚洲,马来西亚,沙捞越,三马拉汉,
亚洲,马来西亚,沙捞越,斯里阿曼,
亚洲,马来西亚,沙捞越,泗里街,
亚洲,马来西亚,沙捞越,泗务,
亚洲,马来西亚,雪兰莪,八打灵,
亚洲,马来西亚,雪兰莪,鹅麦,
亚洲,马来西亚,雪兰莪,瓜拉冷岳,
亚洲,马来西亚,雪兰莪,瓜拉雪兰莪,
亚洲,马来西亚,雪兰莪,沙白安南,
亚洲,马来西亚,雪兰莪,乌鲁冷岳,
亚洲,马来西亚,雪兰莪,乌鲁雪兰莪,
亚洲,马来西亚,雪兰莪,雪邦,
非洲,马里,,巴马科首都区,
非洲,马里,,基达尔,
非洲,马里,,加奥,
非洲,马里,,卡伊,
非洲,马里,,库利科罗,
非洲,马里,,莫普提,
非洲,马里,,塞古,
非洲,马里,,通布图,
非洲,马里,,锡卡索,
欧洲,马其顿,,,
大洋洲,马绍尔群岛,,,
非洲,马约特岛,,,
非洲,毛里求斯,,,
非洲,毛里塔尼亚,,阿德拉尔,
非洲,毛里塔尼亚,,阿萨巴,
非洲,毛里塔尼亚,,卜拉克纳,
非洲,毛里塔尼亚,,东胡德,
非洲,毛里塔尼亚,,戈尔戈勒,
非洲,毛里塔尼亚,,吉迪马卡,
非洲,毛里塔尼亚,,努瓦迪布湾,
非洲,毛里塔尼亚,,努瓦克肖特特区,
非洲,毛里塔尼亚,,塔甘特,
非洲,毛里塔尼亚,,特拉扎,
非洲,毛里塔尼亚,,提里斯-宰穆尔,
非洲,毛里塔尼亚,,西胡德,
非洲,毛里塔尼亚,,因希里,
北美洲,美国,阿肯色,费耶特维尔,
北美洲,美国,阿肯色,史密斯堡,
北美洲,美国,阿肯色,小石城,
北美洲,美国,阿拉巴马,伯明罕,
北美洲,美国,阿拉巴马,蒙哥马利,
北美洲,美国,阿拉巴马,莫比尔,
北美洲,美国,阿拉斯加,安克雷奇,
北美洲,美国,阿拉斯加,费尔班克斯,
北美洲,美国,阿拉斯加,朱诺,
北美洲,美国,爱达荷,爱达荷福尔斯,
北美洲,美国,爱达荷,波卡特洛,
北美洲,美国,爱达荷,博伊西,
北美洲,美国,爱达荷,布莱克富特,
北美洲,美国,爱达荷,科达伦,
北美洲,美国,爱达荷,刘易斯顿,
北美洲,美国,爱达荷,莫斯科,
北美洲,美国,爱达荷,墨菲,
北美洲,美国,爱达荷,楠帕,
北美洲,美国,爱达荷,岂彻姆,
北美洲,美国,爱达荷,森瓦利,
北美洲,美国,爱达荷,亚美利加瀑布城,
北美洲,美国,爱荷华,达文波特,
北美洲,美国,爱荷华,得梅因,
北美洲,美国,爱荷华,锡达拉皮兹,
北美洲,美国,北达科他,俾斯麦,
北美洲,美国,北达科他,大福克斯,
北美洲,美国,北达科他,法戈,
北美洲,美国,北达科他,迈诺特,
北美洲,美国,北卡罗来纳,艾许维尔,
北美洲,美国,北卡罗来纳,杜罕,
北美洲,美国,北卡罗来纳,格林斯伯勒,
北美洲,美国,北卡罗来纳,教堂山,
北美洲,美国,北卡罗来纳,罗利,
北美洲,美国,北卡罗来纳,洛利杜罕都会区,
北美洲,美国,北卡罗来纳,夏洛特,
北美洲,美国,宾夕法尼亚,阿伦敦,
北美洲,美国,宾夕法尼亚,费城,
北美洲,美国,宾夕法尼亚,匹兹堡,
北美洲,美国,德克萨斯,埃尔帕索,
北美洲,美国,德克萨斯,奥斯汀,
北美洲,美国,德克萨斯,达拉斯,
北美洲,美国,德克萨斯,哥帕斯基斯蒂,
北美洲,美国,德克萨斯,交维斯顿,
北美洲,美国,德克萨斯,拉雷多,
北美洲,美国,德克萨斯,麦亚伦,
北美洲,美国,德克萨斯,圣安东尼奥,
北美洲,美国,德克萨斯,休斯敦,
北美洲,美国,俄亥俄,代顿,
北美洲,美国,俄亥俄,哥伦布,
北美洲,美国,俄亥俄,克利夫兰,
北美洲,美国,俄亥俄,托莱多,
北美洲,美国,俄亥俄,辛辛那提,
北美洲,美国,俄克拉荷马,俄克拉荷马城,
北美洲,美国,俄克拉荷马,诺曼,
北美洲,美国,俄克拉荷马,塔尔萨,
北美洲,美国,俄勒冈,本德,
北美洲,美国,俄勒冈,波特兰,
北美洲,美国,俄勒冈,达尔斯,
北美洲,美国,俄勒冈,达拉斯,
北美洲,美国,俄勒冈,蒂拉穆克,
北美洲,美国,俄勒冈,格兰茨帕斯,
北美洲,美国,俄勒冈,胡德里弗,
北美洲,美国,俄勒冈,火山口湖,
北美洲,美国,俄勒冈,科瓦利斯,
北美洲,美国,俄勒冈,库斯贝,
北美洲,美国,俄勒冈,梅德福,
北美洲,美国,俄勒冈,塞勒姆,
北美洲,美国,俄勒冈,圣海伦斯,
北美洲,美国,俄勒冈,斯普林菲尔德,
北美洲,美国,俄勒冈,尤金,
北美洲,美国,佛罗里达,奥兰多,
北美洲,美国,佛罗里达,基韦斯特,
北美洲,美国,佛罗里达,杰克逊维尔,
北美洲,美国,佛罗里达,卡纳维尔角,
北美洲,美国,佛罗里达,罗德岱堡,
北美洲,美国,佛罗里达,迈阿密,
北美洲,美国,佛罗里达,圣彼德斯堡市,
北美洲,美国,佛罗里达,塔拉哈西,
北美洲,美国,佛罗里达,坦帕,
北美洲,美国,佛蒙特,伯灵顿,
北美洲,美国,佛蒙特,拉特兰,
北美洲,美国,佛蒙特,南伯灵顿,
北美洲,美国,哥伦比亚特区,华盛顿哥伦比亚特区,
北美洲,美国,华盛顿,斯波坎,
北美洲,美国,华盛顿,塔科马,
北美洲,美国,华盛顿,西雅图,
北美洲,美国,怀俄明,埃文斯顿,
北美洲,美国,怀俄明,卡斯珀,
北美洲,美国,怀俄明,拉勒米,
北美洲,美国,怀俄明,罗克斯普林斯,
北美洲,美国,怀俄明,夏延,
北美洲,美国,怀俄明,谢里登,
北美洲,美国,加利福尼亚,旧金山,
北美洲,美国,加利福尼亚,洛杉矶,
北美洲,美国,加利福尼亚,圣迭戈,
北美洲,美国,加利福尼亚,圣何塞,
北美洲,美国,堪萨斯,阿比林,
北美洲,美国,堪萨斯,奥弗兰公园,
北美洲,美国,堪萨斯,哈钦森,
北美洲,美国,堪萨斯,堪萨斯城,
北美洲,美国,堪萨斯,莱文沃思,
北美洲,美国,堪萨斯,劳伦斯,
北美洲,美国,堪萨斯,曼哈顿,
北美洲,美国,堪萨斯,托皮卡,
北美洲,美国,堪萨斯,威奇托,
北美洲,美国,康涅狄格,布里奇波特,
北美洲,美国,康涅狄格,达里恩,
北美洲,美国,康涅狄格,格林尼治,
北美洲,美国,康涅狄格,哈特福德,
北美洲,美国,康涅狄格,米德尔顿,
北美洲,美国,康涅狄格,纽黑文,
北美洲,美国,康涅狄格,韦斯特波特,
北美洲,美国,康涅狄格,沃特伯里,
北美洲,美国,康涅狄格,新不列颠,
北美洲,美国,科罗拉多,阿斯彭,
北美洲,美国,科罗拉多,奥罗拉,
北美洲,美国,科罗拉多,博尔德,
北美洲,美国,科罗拉多,大章克申,
北美洲,美国,科罗拉多,丹佛,
北美洲,美国,科罗拉多,柯林斯堡,
北美洲,美国,科罗拉多,科罗拉多斯普林斯,
北美洲,美国,科罗拉多,韦尔,
北美洲,美国,肯塔基,列克星敦,
北美洲,美国,肯塔基,路易斯维尔,
北美洲,美国,肯塔基,欧文斯伯勒,
北美洲,美国,路易斯安那,巴吞鲁日,
北美洲,美国,路易斯安那,什里夫波特,
北美洲,美国,路易斯安那,新奥尔良,
北美洲,美国,罗德岛,波塔基特,
北美洲,美国,罗德岛,克兰斯顿,
北美洲,美国,罗德岛,纽波特,
北美洲,美国,罗德岛,普罗维登斯,
北美洲,美国,罗德岛,韦斯特利,
北美洲,美国,罗德岛,文索基特,
北美洲,美国,罗德岛,沃威克,
北美洲,美国,马里兰,巴尔的摩,
北美洲,美国,马里兰,盖瑟斯堡,
北美洲,美国,马里兰,罗克维尔,
北美洲,美国,马萨诸塞,波士顿,
北美洲,美国,马萨诸塞,斯普林菲尔德,
北美洲,美国,马萨诸塞,伍斯特,
北美洲,美国,蒙大拿,比灵斯,
北美洲,美国,蒙大拿,大瀑布村,
北美洲,美国,蒙大拿,米苏拉,
北美洲,美国,密苏里,哥伦比亚,
北美洲,美国,密苏里,杰佛逊市,
北美洲,美国,密苏里,堪萨斯城,
北美洲,美国,密苏里,圣路易斯,
北美洲,美国,密苏里,斯普林菲尔德,
北美洲,美国,密西西比,比洛克西,
北美洲,美国,密西西比,格尔夫波特,
北美洲,美国,密西西比,格林维尔,
北美洲,美国,密西西比,哈蒂斯堡,
北美洲,美国,密西西比,杰克逊,
北美洲,美国,密西西比,默里迪恩,
北美洲,美国,密西西比,维克斯堡,
北美洲,美国,密歇根,安娜堡,
北美洲,美国,密歇根,巴特尔克里克,
北美洲,美国,密歇根,贝城,
北美洲,美国,密歇根,大急流城,
北美洲,美国,密歇根,迪尔伯恩,
北美洲,美国,密歇根,底特律,
北美洲,美国,密歇根,弗林特,
北美洲,美国,密歇根,怀恩多特,
北美洲,美国,密歇根,卡拉马袓,
北美洲,美国,密歇根,兰辛,
北美洲,美国,密歇根,马斯基根,
北美洲,美国,密歇根,庞菷亚克,
北美洲,美国,密歇根,萨吉诺,
北美洲,美国,密歇根,苏圣玛丽,
北美洲,美国,密歇根,沃伦,
北美洲,美国,密歇根,休伦港,
北美洲,美国,缅因,班戈,
北美洲,美国,缅因,波特兰,
北美洲,美国,缅因,刘易斯顿,
北美洲,美国,明尼苏达,罗切斯特,
北美洲,美国,明尼苏达,明尼阿波利斯,
北美洲,美国,明尼苏达,圣保罗,
北美洲,美国,南达科他,阿伯丁,
北美洲,美国,南达科他,拉皮德城,
北美洲,美国,南达科他,苏福尔斯,
北美洲,美国,南卡罗来纳,北查尔斯顿,
北美洲,美国,南卡罗来纳,查尔斯顿,
北美洲,美国,南卡罗来纳,哥伦比亚,
北美洲,美国,内布拉斯加,奥马哈,
北美洲,美国,内布拉斯加,贝尔维尤,
北美洲,美国,内布拉斯加,林肯,
北美洲,美国,内华达,埃尔科,
北美洲,美国,内华达,北拉斯维加斯,
北美洲,美国,内华达,弗吉尼亚城,
北美洲,美国,内华达,亨德森,
北美洲,美国,内华达,卡森城,
北美洲,美国,内华达,拉斯维加斯,
北美洲,美国,内华达,里诺,
北美洲,美国,内华达,斯帕克斯,
北美洲,美国,纽约,布法罗,
北美洲,美国,纽约,罗切斯特,
北美洲,美国,纽约,纽约市,
北美洲,美国,特拉华,多佛,
北美洲,美国,特拉华,纽瓦克,
北美洲,美国,特拉华,威明顿,
北美洲,美国,田纳西,布利斯托,
北美洲,美国,田纳西,查塔努加,
北美洲,美国,田纳西,金斯波特,
北美洲,美国,田纳西,孟菲斯,
北美洲,美国,田纳西,纳什维尔,
北美洲,美国,田纳西,诺克斯维尔,
北美洲,美国,田纳西,三城区,
北美洲,美国,田纳西,士麦那,
北美洲,美国,田纳西,斯普林希尔,
北美洲,美国,田纳西,约翰逊城,
北美洲,美国,威斯康星,阿普尓顿,
北美洲,美国,威斯康星,奥什科什,
北美洲,美国,威斯康星,格林贝,
北美洲,美国,威斯康星,基诺沙,
北美洲,美国,威斯康星,拉克罗斯,
北美洲,美国,威斯康星,拉辛,
北美洲,美国,威斯康星,马尼托沃克,
北美洲,美国,威斯康星,迈迪逊,
北美洲,美国,威斯康星,密尔沃基,
北美洲,美国,威斯康星,欧克莱尓,
北美洲,美国,威斯康星,沃索,
北美洲,美国,威斯康星,希博伊根,
北美洲,美国,维吉尼亚,弗吉尼亚比奇,
北美洲,美国,维吉尼亚,诺福克,
北美洲,美国,维吉尼亚,切萨皮克,
北美洲,美国,西佛吉尼亚,查尔斯顿,
北美洲,美国,西佛吉尼亚,亨廷顿,
北美洲,美国,西佛吉尼亚,帕克斯堡,
北美洲,美国,夏威夷,凯卢阿,
北美洲,美国,夏威夷,檀香山,
北美洲,美国,夏威夷,希洛,
北美洲,美国,新罕布什尔,康科德,
北美洲,美国,新罕布什尔,曼彻斯特,
北美洲,美国,新罕布什尔,纳舒厄,
北美洲,美国,新墨西哥,阿尔伯克基,
北美洲,美国,新墨西哥,拉斯克鲁塞斯,
北美洲,美国,新墨西哥,罗斯韦尔,
北美洲,美国,新墨西哥,圣菲,
北美洲,美国,新泽西,纽瓦克,
北美洲,美国,新泽西,帕特森,
北美洲,美国,新泽西,泽西城,
北美洲,美国,亚利桑那,凤凰城,
北美洲,美国,亚利桑那,格兰代尔,
北美洲,美国,亚利桑那,梅萨,
北美洲,美国,亚利桑那,史卡兹代尔,
北美洲,美国,亚利桑那,坦普,
北美洲,美国,亚利桑那,图森,
北美洲,美国,亚利桑那,优玛,
北美洲,美国,伊利诺斯,奥尔顿,
北美洲,美国,伊利诺斯,奥罗拉,
北美洲,美国,伊利诺斯,布卢明顿,
北美洲,美国,伊利诺斯,丹维尓,
北美洲,美国,伊利诺斯,迪卡尔布,
北美洲,美国,伊利诺斯,迪凯持,
北美洲,美国,伊利诺斯,东圣路易斯,
北美洲,美国,伊利诺斯,厄巴纳-香槟,
北美洲,美国,伊利诺斯,盖尔斯堡,
北美洲,美国,伊利诺斯,卡本代尔,
北美洲,美国,伊利诺斯,罗克艾兰,
北美洲,美国,伊利诺斯,罗克福德,
北美洲,美国,伊利诺斯,诺黙尔,
北美洲,美国,伊利诺斯,皮奥里亚,
北美洲,美国,伊利诺斯,森特勒利亚,
北美洲,美国,伊利诺斯,斯普林菲尔德,
北美洲,美国,伊利诺斯,沃其根,
北美洲,美国,伊利诺斯,芝加哥,
北美洲,美国,印第安那,埃文斯维尔,
北美洲,美国,印第安那,韦恩堡,
北美洲,美国,印第安那,印第安纳波利斯,
北美洲,美国,犹他,奥格登,
北美洲,美国,犹他,雷登,
北美洲,美国,犹他,欧仁,
北美洲,美国,犹他,帕克城,
北美洲,美国,犹他,普罗沃,
北美洲,美国,犹他,圣乔治,
北美洲,美国,犹他,西瓦利城,
北美洲,美国,犹他,盐湖城,
北美洲,美国,佐治亚,奥古斯塔,
北美洲,美国,佐治亚,哥伦布,
北美洲,美国,佐治亚,梅肯,
北美洲,美国,佐治亚,沙瓦纳,
北美洲,美国,佐治亚,亚特兰大,
北美洲,美属萨摩亚,,阿纳,
北美洲,美属萨摩亚,,阿图阿,
北美洲,美属萨摩亚,,艾加伊勒泰,
北美洲,美属萨摩亚,,法塞莱莱阿加,
北美洲,美属萨摩亚,,加盖福毛加,
北美洲,美属萨摩亚,,加加埃毛加,
北美洲,美属萨摩亚,,帕劳利,
北美洲,美属萨摩亚,,萨图帕伊泰阿,
北美洲,美属萨摩亚,,萨瓦伊岛,
北美洲,美属萨摩亚,,图阿马萨加,
北美洲,美属萨摩亚,,瓦奥福诺蒂,
北美洲,美属萨摩亚,,韦西加诺,
北美洲,美属萨摩亚,,乌波卢岛,
北美洲,美属外岛,,,
亚洲,蒙古,,巴彦洪格尔,
亚洲,蒙古,,巴彦乌勒盖,
亚洲,蒙古,,布尔干,
亚洲,蒙古,,达尔汗乌勒,
亚洲,蒙古,,东方,
亚洲,蒙古,,东戈壁,
亚洲,蒙古,,鄂尔浑,
亚洲,蒙古,,戈壁阿尔泰,
亚洲,蒙古,,戈壁苏木贝尔,
亚洲,蒙古,,后杭爱,
亚洲,蒙古,,科布多,
亚洲,蒙古,,肯特,
亚洲,蒙古,,库苏古尔,
亚洲,蒙古,,南戈壁,
亚洲,蒙古,,前杭爱,
亚洲,蒙古,,色楞格,
亚洲,蒙古,,苏赫巴托尔,
亚洲,蒙古,,乌布苏,
亚洲,蒙古,,乌兰巴托市,
亚洲,蒙古,,扎布汗,
亚洲,蒙古,,中戈壁,
亚洲,蒙古,,中央,
北美洲,蒙特塞拉特,,,
亚洲,孟加拉,,达卡,
亚洲,孟加拉,,吉大港,
亚洲,孟加拉,,库尔纳,
大洋洲,密克罗尼西亚,,,
南美洲,秘鲁,,阿雷基帕,
南美洲,秘鲁,,阿普里马克,
南美洲,秘鲁,,阿亚库乔,
南美洲,秘鲁,,安卡什,
南美洲,秘鲁,,胡利亚卡,
南美洲,秘鲁,,胡宁,
南美洲,秘鲁,,卡哈马卡,
南美洲,秘鲁,,卡亚俄,
南美洲,秘鲁,,库斯科,
南美洲,秘鲁,,拉利伯塔德,
南美洲,秘鲁,,兰巴耶克,
南美洲,秘鲁,,利马,
南美洲,秘鲁,,洛雷托,
南美洲,秘鲁,,马德雷德迪奥斯,
南美洲,秘鲁,,莫克瓜,
南美洲,秘鲁,,帕斯科,
南美洲,秘鲁,,皮乌拉,
南美洲,秘鲁,,普诺,
南美洲,秘鲁,,钦博特,
南美洲,秘鲁,,钦查阿尔塔,
南美洲,秘鲁,,圣马丁,
南美洲,秘鲁,,苏拉纳,
南美洲,秘鲁,,塔克纳,
南美洲,秘鲁,,通贝斯,
南美洲,秘鲁,,瓦努科,
南美洲,秘鲁,,万卡维利卡,
南美洲,秘鲁,,乌卡亚利,
南美洲,秘鲁,,亚马孙,
南美洲,秘鲁,,伊卡,
亚洲,缅甸,,勃固省,
亚洲,缅甸,,掸邦,
亚洲,缅甸,,德林达依省,
亚洲,缅甸,,克伦邦,
亚洲,缅甸,,克钦邦,
亚洲,缅甸,,克耶邦,
亚洲,缅甸,,马圭省,
亚洲,缅甸,,曼德勒省,
亚洲,缅甸,,孟邦,
亚洲,缅甸,,钦邦,
亚洲,缅甸,,若开邦,
亚洲,缅甸,,实皆省,
亚洲,缅甸,,仰光省,
亚洲,缅甸,,伊洛瓦底省,
欧洲,摩尔多瓦,,,
非洲,摩洛哥,,丹吉尔,
非洲,摩洛哥,,得土安,
非洲,摩洛哥,,非斯,
非洲,摩洛哥,,卡萨布兰卡,
非洲,摩洛哥,,拉巴特,
非洲,摩洛哥,,马拉喀什,
非洲,摩洛哥,,梅克内斯,
非洲,摩洛哥,,乌季达,
非洲,摩洛哥,,西撒哈拉,
非洲,摩纳哥,,,
非洲,莫桑比克,,,
北美洲,墨西哥,,阿瓜斯卡连斯特,
北美洲,墨西哥,,阿卡普尔科,
北美洲,墨西哥,,埃莫西约,
北美洲,墨西哥,,埃佩切,
北美洲,墨西哥,,奥夫雷贡城,
北美洲,墨西哥,,奥里萨巴,
北美洲,墨西哥,,巴利城,
北美洲,墨西哥,,巴亚尔塔港,
北美洲,墨西哥,,比利亚埃尔莫萨,
北美洲,墨西哥,,波萨里卡,
北美洲,墨西哥,,蒂华纳,
北美洲,墨西哥,,杜兰戈,
北美洲,墨西哥,,恩塞纳达,
北美洲,墨西哥,,瓜达拉哈拉,
北美洲,墨西哥,,瓜纳华托,
北美洲,墨西哥,,哈拉帕,
北美洲,墨西哥,,华雷斯,
北美洲,墨西哥,,华雷斯港,
北美洲,墨西哥,,卡门,
北美洲,墨西哥,,科利马,
北美洲,墨西哥,,克雷塔罗,
北美洲,墨西哥,,库埃纳瓦卡,
北美洲,墨西哥,,库利阿坎,
北美洲,墨西哥,,夸察夸拉克斯,
北美洲,墨西哥,,拉巴斯,
北美洲,墨西哥,,莱昂,
北美洲,墨西哥,,雷诺萨,
北美洲,墨西哥,,洛斯莫奇斯,
北美洲,墨西哥,,马萨特兰,
北美洲,墨西哥,,马塔莫罗斯,
北美洲,墨西哥,,梅里达,
北美洲,墨西哥,,蒙克洛瓦,
北美洲,墨西哥,,蒙特雷,
北美洲,墨西哥,,莫雷利亚,
北美洲,墨西哥,,墨西哥城,
北美洲,墨西哥,,墨西卡利,
北美洲,墨西哥,,诺加莱斯,
北美洲,墨西哥,,帕丘卡,
北美洲,墨西哥,,普埃布拉,
北美洲,墨西哥,,奇尔潘辛戈,
北美洲,墨西哥,,奇瓦瓦,
北美洲,墨西哥,,切图马尔,
北美洲,墨西哥,,萨尔蒂约,
北美洲,墨西哥,,萨卡特卡斯,
北美洲,墨西哥,,塞拉亚,
北美洲,墨西哥,,圣路易斯波托亚,
北美洲,墨西哥,,塔帕丘拉,
北美洲,墨西哥,,坦皮科,
北美洲,墨西哥,,特拉斯卡拉,
北美洲,墨西哥,,特皮克,
北美洲,墨西哥,,特瓦坎,
北美洲,墨西哥,,图斯特拉-古铁雷斯,
北美洲,墨西哥,,托雷翁,
北美洲,墨西哥,,托卢卡,
北美洲,墨西哥,,瓦哈卡,
北美洲,墨西哥,,维多利亚城,
北美洲,墨西哥,,韦拉克鲁斯,
北美洲,墨西哥,,乌鲁阿潘,
北美洲,墨西哥,,新拉雷多,
北美洲,墨西哥,,伊拉普阿托,
非洲,纳米比亚,,埃龙戈,
非洲,纳米比亚,,奥汉圭纳,
非洲,纳米比亚,,奥卡万戈,
非洲,纳米比亚,,奥马赫科,
非洲,纳米比亚,,奥姆沙蒂,
非洲,纳米比亚,,奥乔宗蒂约巴,
非洲,纳米比亚,,奥沙纳,
非洲,纳米比亚,,奥希科托,
非洲,纳米比亚,,哈达普,
非洲,纳米比亚,,霍马斯,
非洲,纳米比亚,,卡拉斯,
非洲,纳米比亚,,卡普里维,
非洲,纳米比亚,,库内内,
非洲,南非,,阿平顿,
非洲,南非,,艾利弗山,
非洲,南非,,彼德马里茨堡,
非洲,南非,,彼德斯堡,
非洲,南非,,比勒陀利亚,
非洲,南非,,比索,
非洲,南非,,布雷达斯多普,
非洲,南非,,布隆方丹,
非洲,南非,,布隆克斯特斯普利特,
非洲,南非,,德阿尔,
非洲,南非,,德班,
非洲,南非,,邓迪,
非洲,南非,,东巴克利,
非洲,南非,,东伦敦,
非洲,南非,,弗雷堡,
非洲,南非,,弗里尼欣,
非洲,南非,,格罗布莱斯达尔,
非洲,南非,,基雅尼,
非洲,南非,,金伯利,
非洲,南非,,开普敦,
非洲,南非,,克莱克斯多普,
非洲,南非,,库鲁曼,
非洲,南非,,昆士敦,
非洲,南非,,莱迪史密斯,
非洲,南非,,兰德方丹,
非洲,南非,,理查兹湾,
非洲,南非,,利斯滕堡,
非洲,南非,,米德尔堡,
非洲,南非,,姆库泽,
非洲,南非,,穆里斯堡,
非洲,南非,,内尔斯普雷特,
非洲,南非,,尼尔斯特隆,
非洲,南非,,纽卡斯尔,
非洲,南非,,乔治,
非洲,南非,,萨索尔堡,
非洲,南非,,瑟孔达,
非洲,南非,,特克索波,
非洲,南非,,特隆普斯堡,
非洲,南非,,跳羚,
非洲,南非,,图拉马哈谢,
非洲,南非,,托霍延杜,
非洲,南非,,韦茨肖克,
非洲,南非,,韦尔科姆,
非洲,南非,,乌伦迪,
非洲,南非,,乌姆塔塔,
非洲,南非,,伍斯特,
非洲,南非,,西博福特,
非洲,南非,,谢普斯通港,
非洲,南非,,伊丽莎白港,
非洲,南非,,约翰内斯堡,
大洋洲,瑙鲁,,,
亚洲,尼泊尔,,巴格马蒂,
亚洲,尼泊尔,,道拉吉里,
亚洲,尼泊尔,,甘达基,
亚洲,尼泊尔,,戈西,
亚洲,尼泊尔,,格尔纳利,
亚洲,尼泊尔,,贾纳克布尔,
亚洲,尼泊尔,,拉布蒂,
亚洲,尼泊尔,,蓝毗尼,
亚洲,尼泊尔,,马哈卡利,
亚洲,尼泊尔,,梅吉,
亚洲,尼泊尔,,纳拉亚尼,
亚洲,尼泊尔,,佩里,
亚洲,尼泊尔,,萨加玛塔,
亚洲,尼泊尔,,塞蒂,
北美洲,尼加拉瓜,,埃斯特利,
北美洲,尼加拉瓜,,北大西洋,
北美洲,尼加拉瓜,,博阿科,
北美洲,尼加拉瓜,,格拉纳达,
北美洲,尼加拉瓜,,卡拉索,
北美洲,尼加拉瓜,,莱昂,
北美洲,尼加拉瓜,,里瓦斯,
北美洲,尼加拉瓜,,马德里斯,
北美洲,尼加拉瓜,,马那瓜,
北美洲,尼加拉瓜,,马萨亚,
北美洲,尼加拉瓜,,马塔加尔帕,
北美洲,尼加拉瓜,,南大西洋,
北美洲,尼加拉瓜,,奇南德加,
北美洲,尼加拉瓜,,琼塔莱斯,
北美洲,尼加拉瓜,,圣胡安河,
北美洲,尼加拉瓜,,希诺特加,
北美洲,尼加拉瓜,,新塞哥维亚,
非洲,尼日尔,,阿加德兹,
非洲,尼日尔,,迪法,
非洲,尼日尔,,蒂拉贝里,
非洲,尼日尔,,多索,
非洲,尼日尔,,津德尔,
非洲,尼日尔,,马拉迪,
非洲,尼日尔,,尼亚美市,
非洲,尼日尔,,塔瓦,
非洲,尼日利亚,,阿比亚,
非洲,尼日利亚,,奥博莫绍,
非洲,尼日利亚,,卡诺,
非洲,尼日利亚,,拉各斯,
非洲,尼日利亚,,伊巴丹,
大洋洲,纽埃,,,
欧洲,挪威,,阿克什胡斯,
欧洲,挪威,,奥普兰,
欧洲,挪威,,奥斯陆市,
欧洲,挪威,,北特伦德拉格,
欧洲,挪威,,布斯克吕,
欧洲,挪威,,东阿格德尔,
欧洲,挪威,,东福尔,
欧洲,挪威,,芬马克,
欧洲,挪威,,海德马克,
欧洲,挪威,,霍达兰,
欧洲,挪威,,罗加兰,
欧洲,挪威,,默勒－鲁姆斯达尔,
欧洲,挪威,,南特伦德拉格,
欧洲,挪威,,诺尔兰,
欧洲,挪威,,松恩－菲尤拉讷,
欧洲,挪威,,泰勒马克,
欧洲,挪威,,特罗姆斯,
欧洲,挪威,,西阿格德尔,
欧洲,挪威,,西福尔,
大洋洲,帕劳群岛,,,
大洋洲,皮特凯恩,,,
欧洲,葡萄牙,,滨海阿连特茹,
欧洲,葡萄牙,,滨海皮尼亚尔,
欧洲,葡萄牙,,波尔图,
欧洲,葡萄牙,,杜罗,
欧洲,葡萄牙,,恩特拉杜罗伏日,
欧洲,葡萄牙,,法鲁,
欧洲,葡萄牙,,丰沙尔,
欧洲,葡萄牙,,卡瓦多,
欧洲,葡萄牙,,科瓦贝拉,
欧洲,葡萄牙,,里斯本,
欧洲,葡萄牙,,利巴特茹,
欧洲,葡萄牙,,梅地奥特茹,
欧洲,葡萄牙,,米尼奥-利马,
欧洲,葡萄牙,,内贝拉北,
欧洲,葡萄牙,,内贝拉南,
欧洲,葡萄牙,,内皮尼亚尔北,
欧洲,葡萄牙,,内皮尼亚尔南,
欧洲,葡萄牙,,蓬塔德尔加达,
欧洲,葡萄牙,,塞图巴尔半岛,
欧洲,葡萄牙,,山后,
欧洲,葡萄牙,,上阿连特茹,
欧洲,葡萄牙,,上特拉斯山,
欧洲,葡萄牙,,塔梅加,
欧洲,葡萄牙,,万福,
欧洲,葡萄牙,,西部,
欧洲,葡萄牙,,下阿连特茹,
欧洲,葡萄牙,,下伏日,
欧洲,葡萄牙,,下蒙德古,
欧洲,葡萄牙,,中阿连特茹,
亚洲,乔治亚,,,
亚洲,日本,,爱媛,
亚洲,日本,,爱知,
亚洲,日本,,北海道,
亚洲,日本,,兵库,
亚洲,日本,,冲绳,
亚洲,日本,,茨城,
亚洲,日本,,大阪,
亚洲,日本,,大分,
亚洲,日本,,岛根,
亚洲,日本,,徳岛,
亚洲,日本,,东京,
亚洲,日本,,福岛,
亚洲,日本,,福冈,
亚洲,日本,,福井,
亚洲,日本,,富山,
亚洲,日本,,冈山,
亚洲,日本,,高知,
亚洲,日本,,宮城,
亚洲,日本,,宫崎,
亚洲,日本,,广岛,
亚洲,日本,,和歌山,
亚洲,日本,,京都,
亚洲,日本,,静冈,
亚洲,日本,,枥木,
亚洲,日本,,鹿儿岛,
亚洲,日本,,奈良,
亚洲,日本,,鸟取,
亚洲,日本,,岐阜,
亚洲,日本,,埼玉,
亚洲,日本,,千叶,
亚洲,日本,,青森,
亚洲,日本,,秋田,
亚洲,日本,,群马,
亚洲,日本,,三重,
亚洲,日本,,山口,
亚洲,日本,,山梨,
亚洲,日本,,山形,
亚洲,日本,,神奈川,
亚洲,日本,,石川,
亚洲,日本,,香川,
亚洲,日本,,新潟,
亚洲,日本,,熊本,
亚洲,日本,,岩手,
亚洲,日本,,长崎,
亚洲,日本,,长野,
亚洲,日本,,滋贺,
亚洲,日本,,佐贺,
欧洲,瑞典,,北博滕,
欧洲,瑞典,,布莱金厄,
欧洲,瑞典,,达拉纳,
欧洲,瑞典,,东约特兰,
欧洲,瑞典,,厄勒布鲁,
欧洲,瑞典,,哥得兰,
欧洲,瑞典,,哈兰,
欧洲,瑞典,,卡尔马,
欧洲,瑞典,,克鲁努贝里,
欧洲,瑞典,,南曼兰,
欧洲,瑞典,,斯德哥尔摩,
欧洲,瑞典,,斯科耐,
欧洲,瑞典,,韦姆兰,
欧洲,瑞典,,乌普萨拉,
欧洲,瑞典,,西博滕,
欧洲,瑞典,,西曼兰,
欧洲,瑞典,,西诺尔兰,
欧洲,瑞典,,西约特兰,
欧洲,瑞典,,延雪平,
欧洲,瑞典,,耶夫勒堡,
欧洲,瑞典,,耶姆特兰,
欧洲,瑞士,,阿尔高,
欧洲,瑞士,,巴塞尔城市,
欧洲,瑞士,,巴塞尔乡村,
欧洲,瑞士,,伯尔尼,
欧洲,瑞士,,楚格,
欧洲,瑞士,,弗里堡,
欧洲,瑞士,,格拉鲁斯,
欧洲,瑞士,,格劳宾登,
欧洲,瑞士,,卢塞恩,
欧洲,瑞士,,洛桑,
欧洲,瑞士,,纳沙泰尔,
欧洲,瑞士,,内阿彭策尔,
欧洲,瑞士,,日内瓦,
欧洲,瑞士,,汝拉,
欧洲,瑞士,,沙夫豪森,
欧洲,瑞士,,上瓦尔登,
欧洲,瑞士,,圣加仑,
欧洲,瑞士,,施维茨,
欧洲,瑞士,,苏黎世,
欧洲,瑞士,,索洛图恩,
欧洲,瑞士,,提契诺,
欧洲,瑞士,,图尔高,
欧洲,瑞士,,瓦莱,
欧洲,瑞士,,外阿彭策尔,
欧洲,瑞士,,沃,
欧洲,瑞士,,乌里,
欧洲,瑞士,,下瓦尔登,
北美洲,萨尔瓦多,,阿波帕,
北美洲,萨尔瓦多,,阿瓦查潘,
北美洲,萨尔瓦多,,滨海,
北美洲,萨尔瓦多,,查拉特南戈,
北美洲,萨尔瓦多,,德尔加多,
北美洲,萨尔瓦多,,基埃-恩特姆,
北美洲,萨尔瓦多,,卡瓦尼亚斯,
北美洲,萨尔瓦多,,库斯卡特兰,
北美洲,萨尔瓦多,,拉巴斯,
北美洲,萨尔瓦多,,拉利伯塔德,
北美洲,萨尔瓦多,,拉乌尼翁,
北美洲,萨尔瓦多,,梅基卡诺斯,
北美洲,萨尔瓦多,,莫拉桑,
北美洲,萨尔瓦多,,圣安娜,
北美洲,萨尔瓦多,,圣米格尔,
北美洲,萨尔瓦多,,圣萨尔瓦多,
北美洲,萨尔瓦多,,圣维森特,
北美洲,萨尔瓦多,,松索纳特,
北美洲,萨尔瓦多,,索亚潘戈,
北美洲,萨尔瓦多,,韦莱-恩萨斯,
北美洲,萨尔瓦多,,乌苏卢坦,
北美洲,萨尔瓦多,,伊洛潘戈,
北美洲,萨尔瓦多,,中南,
北美洲,萨摩亚,,,
欧洲,"塞尔维亚,黑山",,贝尔格莱德,
欧洲,"塞尔维亚,黑山",,波德戈里察,
欧洲,"塞尔维亚,黑山",,克拉古涅瓦茨,
欧洲,"塞尔维亚,黑山",,尼什,
欧洲,"塞尔维亚,黑山",,诺维萨德,
欧洲,"塞尔维亚,黑山",,普里什蒂纳,
欧洲,"塞尔维亚,黑山",,苏博蒂察,
欧洲,"塞尔维亚,黑山",,泽蒙,
非洲,塞拉利昂,,北部,
非洲,塞拉利昂,,东部,
非洲,塞拉利昂,,南部,
非洲,塞拉利昂,,西部区,
非洲,塞内加尔,,达喀尔,
非洲,塞内加尔,,法蒂克,
非洲,塞内加尔,,济金绍尔,
非洲,塞内加尔,,捷斯,
非洲,塞内加尔,,久尔贝勒,
非洲,塞内加尔,,考拉克,
非洲,塞内加尔,,科尔达,
非洲,塞内加尔,,卢加,
非洲,塞内加尔,,马塔姆,
非洲,塞内加尔,,圣路易,
非洲,塞内加尔,,坦巴昆达,
亚洲,塞浦路斯,,法马古斯塔,
亚洲,塞浦路斯,,凯里尼亚,
亚洲,塞浦路斯,,拉纳卡,
亚洲,塞浦路斯,,利马索尔,
亚洲,塞浦路斯,,尼科西亚,
亚洲,塞浦路斯,,帕福斯,
非洲,塞舌尔,,,
亚洲,沙特阿拉伯,,阿尔阿尔,
亚洲,沙特阿拉伯,,艾卜哈,
亚洲,沙特阿拉伯,,巴哈,
亚洲,沙特阿拉伯,,布赖代,
亚洲,沙特阿拉伯,,达曼,
亚洲,沙特阿拉伯,,哈费尔巴廷,
亚洲,沙特阿拉伯,,哈伊勒,
亚洲,沙特阿拉伯,,海米斯穆谢特,
亚洲,沙特阿拉伯,,海耶,
亚洲,沙特阿拉伯,,胡富夫,
亚洲,沙特阿拉伯,,吉达,
亚洲,沙特阿拉伯,,吉赞,
亚洲,沙特阿拉伯,,利雅得,
亚洲,沙特阿拉伯,,麦地那,
亚洲,沙特阿拉伯,,麦加,
亚洲,沙特阿拉伯,,姆巴拉兹,
亚洲,沙特阿拉伯,,纳季兰,
亚洲,沙特阿拉伯,,塞卡卡,
亚洲,沙特阿拉伯,,塔布克,
亚洲,沙特阿拉伯,,塔伊夫,
亚洲,沙特阿拉伯,,延布,
亚洲,沙特阿拉伯,,朱拜勒,
非洲,圣多美和普林西比,,,
非洲,圣赫勒拿,,,
北美洲,圣基茨和尼维斯,,,
北美洲,圣卢西亚,,,
欧洲,圣马力诺,,,
北美洲,圣皮埃尔和米克隆群岛,,,
北美洲,圣文森特和格林纳丁斯,,,
亚洲,斯里兰卡,,阿努拉德普勒,
亚洲,斯里兰卡,,安帕赖,
亚洲,斯里兰卡,,巴杜勒,
亚洲,斯里兰卡,,拜蒂克洛,
亚洲,斯里兰卡,,波隆纳鲁沃,
亚洲,斯里兰卡,,汉班托特,
亚洲,斯里兰卡,,基里诺奇,
亚洲,斯里兰卡,,加勒,
亚洲,斯里兰卡,,加姆珀哈,
亚洲,斯里兰卡,,贾夫纳,
亚洲,斯里兰卡,,卡卢特勒,
亚洲,斯里兰卡,,凯格勒,
亚洲,斯里兰卡,,康提,
亚洲,斯里兰卡,,科伦坡,
亚洲,斯里兰卡,,库鲁内格勒,
亚洲,斯里兰卡,,拉特纳普勒,
亚洲,斯里兰卡,,马纳尔,
亚洲,斯里兰卡,,马特莱,
亚洲,斯里兰卡,,马特勒,
亚洲,斯里兰卡,,莫讷勒格勒,
亚洲,斯里兰卡,,穆莱蒂武,
亚洲,斯里兰卡,,努沃勒埃利耶,
亚洲,斯里兰卡,,普塔勒姆,
亚洲,斯里兰卡,,亭可马里,
亚洲,斯里兰卡,,瓦武尼亚,
欧洲,斯洛伐克,,班斯卡-比斯特里察,
欧洲,斯洛伐克,,布拉迪斯拉发,
欧洲,斯洛伐克,,科希策,
欧洲,斯洛伐克,,尼特拉,
欧洲,斯洛伐克,,普雷绍夫,
欧洲,斯洛伐克,,日利纳,
欧洲,斯洛伐克,,特尔纳瓦,
欧洲,斯洛伐克,,特伦钦,
欧洲,斯洛文尼亚,,奥巴尔诺-克拉,
欧洲,斯洛文尼亚,,奥斯雷德涅斯洛文,
欧洲,斯洛文尼亚,,波德拉夫,
欧洲,斯洛文尼亚,,波穆尔,
欧洲,斯洛文尼亚,,多雷尼,
欧洲,斯洛文尼亚,,戈雷尼,
欧洲,斯洛文尼亚,,戈里,
欧洲,斯洛文尼亚,,科洛,
欧洲,斯洛文尼亚,,诺特拉尼,
欧洲,斯洛文尼亚,,萨维尼,
欧洲,斯洛文尼亚,,斯波德涅波萨夫,
欧洲,斯洛文尼亚,,扎萨夫,
非洲,斯威士兰,,,
非洲,苏丹,,北部,
非洲,苏丹,,赤道,
非洲,苏丹,,达尔富尔,
非洲,苏丹,,东部,
非洲,苏丹,,加扎勒河,
非洲,苏丹,,喀土穆,
非洲,苏丹,,科尔多凡,
非洲,苏丹,,上尼罗,
非洲,苏丹,,中部,
南美洲,苏里南,,布罗科蓬多,
南美洲,苏里南,,科罗尼,
南美洲,苏里南,,科默韦讷,
南美洲,苏里南,,马罗韦讷,
南美洲,苏里南,,尼克里,
南美洲,苏里南,,帕拉,
南美洲,苏里南,,帕拉马里博,
南美洲,苏里南,,萨拉马卡,
南美洲,苏里南,,瓦尼卡,
南美洲,苏里南,,西帕里韦尼,
大洋洲,所罗门群岛,,瓜达尔卡纳尔,
大洋洲,所罗门群岛,,霍尼亚拉,
大洋洲,所罗门群岛,,拉纳尔和贝罗纳,
大洋洲,所罗门群岛,,马基拉,
大洋洲,所罗门群岛,,马莱塔,
大洋洲,所罗门群岛,,乔伊索,
大洋洲,所罗门群岛,,泰莫图,
大洋洲,所罗门群岛,,西部,
大洋洲,所罗门群岛,,伊萨贝尔,
大洋洲,所罗门群岛,,中部群岛,
非洲,索马里,,,
亚洲,塔吉克斯坦,,杜尚别,
亚洲,塔吉克斯坦,,霍罗格,
亚洲,塔吉克斯坦,,卡尼巴达姆,
亚洲,塔吉克斯坦,,科法尔尼洪,
亚洲,塔吉克斯坦,,苦盏,
亚洲,塔吉克斯坦,,库尔干-秋别,
亚洲,塔吉克斯坦,,库洛布,
亚洲,塔吉克斯坦,,洛贡,
亚洲,塔吉克斯坦,,努雷克,
亚洲,塔吉克斯坦,,彭吉肯特,
亚洲,塔吉克斯坦,,萨班特,
亚洲,塔吉克斯坦,,塔博沙尔,
亚洲,塔吉克斯坦,,图尔孙扎德,
亚洲,塔吉克斯坦,,乌拉秋别,
亚洲,塔吉克斯坦,,伊斯法拉,
亚洲,泰国,,安纳乍能,
亚洲,泰国,,巴蜀,
亚洲,泰国,,巴吞他尼,
亚洲,泰国,,巴真,
亚洲,泰国,,北碧,
亚洲,泰国,,北标,
亚洲,泰国,,北大年,
亚洲,泰国,,北揽,
亚洲,泰国,,北榄坡,
亚洲,泰国,,北柳,
亚洲,泰国,,碧差汶,
亚洲,泰国,,博达伦,
亚洲,泰国,,猜那,
亚洲,泰国,,猜也奔,
亚洲,泰国,,程逸,
亚洲,泰国,,春蓬,
亚洲,泰国,,春武里,
亚洲,泰国,,达,
亚洲,泰国,,达叻,
亚洲,泰国,,大城,
亚洲,泰国,,董里,
亚洲,泰国,,佛丕,
亚洲,泰国,,佛统,
亚洲,泰国,,甘烹碧,
亚洲,泰国,,红统,
亚洲,泰国,,华富里,
亚洲,泰国,,加拉信,
亚洲,泰国,,甲米,
亚洲,泰国,,尖竹汶,
亚洲,泰国,,孔敬,
亚洲,泰国,,拉农,
亚洲,泰国,,廊开,
亚洲,泰国,,廊莫那浦,
亚洲,泰国,,叻丕,
亚洲,泰国,,黎,
亚洲,泰国,,黎逸,
亚洲,泰国,,龙仔厝,
亚洲,泰国,,罗勇,
亚洲,泰国,,洛坤,
亚洲,泰国,,玛哈沙拉堪,
亚洲,泰国,,曼谷,
亚洲,泰国,,莫达汉,
亚洲,泰国,,那空那育,
亚洲,泰国,,那空帕农,
亚洲,泰国,,难,
亚洲,泰国,,南奔,
亚洲,泰国,,暖武里,
亚洲,泰国,,帕,
亚洲,泰国,,帕尧,
亚洲,泰国,,攀牙,
亚洲,泰国,,彭世洛,
亚洲,泰国,,披集,
亚洲,泰国,,普吉,
亚洲,泰国,,清莱,
亚洲,泰国,,清迈,
亚洲,泰国,,色军,
亚洲,泰国,,沙敦,
亚洲,泰国,,沙缴,
亚洲,泰国,,四色菊,
亚洲,泰国,,宋卡,
亚洲,泰国,,素可泰,
亚洲,泰国,,素叻,
亚洲,泰国,,素林,
亚洲,泰国,,素攀武里,
亚洲,泰国,,陶公,
亚洲,泰国,,乌隆,
亚洲,泰国,,乌泰他尼,
亚洲,泰国,,乌汶,
亚洲,泰国,,武里南,
亚洲,泰国,,信武里,
亚洲,泰国,,耶梭通,
亚洲,泰国,,也拉,
亚洲,泰国,,夜丰颂,
亚洲,泰国,,夜功,
非洲,坦桑尼亚,,阿鲁沙,
非洲,坦桑尼亚,,奔巴北,
非洲,坦桑尼亚,,奔巴南,
非洲,坦桑尼亚,,滨海,
非洲,坦桑尼亚,,达累斯萨拉姆,
非洲,坦桑尼亚,,多多马,
非洲,坦桑尼亚,,基戈马,
非洲,坦桑尼亚,,卡盖拉,
非洲,坦桑尼亚,,林迪,
非洲,坦桑尼亚,,鲁夸,
非洲,坦桑尼亚,,鲁伍马,
非洲,坦桑尼亚,,马腊,
非洲,坦桑尼亚,,曼亚拉,
非洲,坦桑尼亚,,莫洛戈罗,
非洲,坦桑尼亚,,姆贝亚,
非洲,坦桑尼亚,,姆特瓦拉,
非洲,坦桑尼亚,,姆万扎,
非洲,坦桑尼亚,,乞力马扎罗,
非洲,坦桑尼亚,,桑给巴尔,
非洲,坦桑尼亚,,桑给巴尔北,
非洲,坦桑尼亚,,桑给巴尔南,
非洲,坦桑尼亚,,桑给巴尔市和西,
非洲,坦桑尼亚,,塔波拉,
非洲,坦桑尼亚,,坦噶,
非洲,坦桑尼亚,,辛吉达,
非洲,坦桑尼亚,,欣延加,
非洲,坦桑尼亚,,伊林加,
大洋洲,汤加,,埃瓦,
大洋洲,汤加,,哈派,
大洋洲,汤加,,纽阿斯,
大洋洲,汤加,,汤加塔布,
大洋洲,汤加,,瓦瓦乌,
北美洲,特克斯和凯克特斯群岛,,,
北美洲,特立尼达和多巴哥,,,
非洲,突尼斯,,艾尔亚奈,
非洲,突尼斯,,巴杰,
非洲,突尼斯,,本阿鲁斯,
非洲,突尼斯,,比塞大,
非洲,突尼斯,,吉比利,
非洲,突尼斯,,加贝斯,
非洲,突尼斯,,加夫萨,
非洲,突尼斯,,坚杜拜,
非洲,突尼斯,,卡夫,
非洲,突尼斯,,卡塞林,
非洲,突尼斯,,凯鲁万,
非洲,突尼斯,,马赫迪耶,
非洲,突尼斯,,马努巴,
非洲,突尼斯,,梅德宁,
非洲,突尼斯,,莫纳斯提尔,
非洲,突尼斯,,纳布勒,
非洲,突尼斯,,斯法克斯,
非洲,突尼斯,,苏塞,
非洲,突尼斯,,泰塔温,
非洲,突尼斯,,突尼斯,
非洲,突尼斯,,托泽尔,
非洲,突尼斯,,西迪布济德,
非洲,突尼斯,,锡勒亚奈,
非洲,突尼斯,,宰格万,
大洋洲,图瓦卢,,,
亚洲,土耳其,,阿达纳,
亚洲,土耳其,,阿德亚曼,
亚洲,土耳其,,阿尔达罕,
亚洲,土耳其,,阿尔特温,
亚洲,土耳其,,阿菲永,
亚洲,土耳其,,阿克萨赖,
亚洲,土耳其,,阿勒,
亚洲,土耳其,,阿马西亚,
亚洲,土耳其,,埃迪尔内,
亚洲,土耳其,,埃尔津詹,
亚洲,土耳其,,埃尔祖鲁姆,
亚洲,土耳其,,埃拉泽,
亚洲,土耳其,,埃斯基谢希尔,
亚洲,土耳其,,艾登,
亚洲,土耳其,,安卡拉,
亚洲,土耳其,,安塔利亚,
亚洲,土耳其,,奥尔杜,
亚洲,土耳其,,巴尔腾,
亚洲,土耳其,,巴勒克埃西尔,
亚洲,土耳其,,巴特曼,
亚洲,土耳其,,巴伊布尔特,
亚洲,土耳其,,比莱吉克,
亚洲,土耳其,,比特利斯,
亚洲,土耳其,,宾格尔,
亚洲,土耳其,,博卢,
亚洲,土耳其,,布尔杜尔,
亚洲,土耳其,,布尔萨,
亚洲,土耳其,,昌克勒,
亚洲,土耳其,,代尼兹利,
亚洲,土耳其,,迪亚巴克尔,
亚洲,土耳其,,凡,
亚洲,土耳其,,哈卡里,
亚洲,土耳其,,哈塔伊,
亚洲,土耳其,,基利斯,
亚洲,土耳其,,吉雷松,
亚洲,土耳其,,加济安泰普,
亚洲,土耳其,,居米什哈内,
亚洲,土耳其,,卡尔斯,
亚洲,土耳其,,卡赫拉曼马拉什,
亚洲,土耳其,,卡拉比克,
亚洲,土耳其,,卡拉曼,
亚洲,土耳其,,卡斯塔莫努,
亚洲,土耳其,,开塞利,
亚洲,土耳其,,科贾埃利,
亚洲,土耳其,,柯克拉雷利,
亚洲,土耳其,,科尼亚,
亚洲,土耳其,,克尔谢希尔,
亚洲,土耳其,,克勒克卡莱,
亚洲,土耳其,,拉飞,
亚洲,土耳其,,里泽,
亚洲,土耳其,,马尔丁,
亚洲,土耳其,,马拉蒂亚,
亚洲,土耳其,,马尼萨,
亚洲,土耳其,,穆拉,
亚洲,土耳其,,穆什,
亚洲,土耳其,,内夫谢希尔,
亚洲,土耳其,,尼代,
亚洲,土耳其,,恰纳卡莱,
亚洲,土耳其,,乔鲁姆,
亚洲,土耳其,,屈塔希亚,
亚洲,土耳其,,萨卡里亚,
亚洲,土耳其,,萨姆松,
亚洲,土耳其,,泰基尔达,
亚洲,土耳其,,特拉布宗,
亚洲,土耳其,,通杰利,
亚洲,土耳其,,托卡特,
亚洲,土耳其,,乌萨克,
亚洲,土耳其,,锡尔纳克,
亚洲,土耳其,,锡尔特,
亚洲,土耳其,,锡诺普,
亚洲,土耳其,,锡瓦斯,
亚洲,土耳其,,伊迪尔,
亚洲,土耳其,,伊切尔,
亚洲,土耳其,,伊斯帕尔塔,
亚洲,土耳其,,伊斯坦布尔,
亚洲,土耳其,,伊兹密尔,
亚洲,土耳其,,约兹加特,
亚洲,土耳其,,宗古尔达克,
亚洲,土库曼斯坦,,阿哈尔,
亚洲,土库曼斯坦,,阿什哈巴德市,
亚洲,土库曼斯坦,,巴尔坎,
亚洲,土库曼斯坦,,达沙古兹,
亚洲,土库曼斯坦,,列巴普,
亚洲,土库曼斯坦,,马雷,
亚洲,土库曼斯坦,,涅比特达格,
大洋洲,托克劳,,,
大洋洲,瓦努阿图,,马朗帕,
大洋洲,瓦努阿图,,彭纳马,
大洋洲,瓦努阿图,,桑马,
大洋洲,瓦努阿图,,塔菲阿,
大洋洲,瓦努阿图,,托尔巴,
大洋洲,瓦努阿图,,谢法,
北美洲,危地马拉,,埃尔普罗格雷索,
北美洲,危地马拉,,埃斯昆特拉,
北美洲,危地马拉,,哈拉帕,
北美洲,危地马拉,,胡蒂亚帕,
北美洲,危地马拉,,基切,
北美洲,危地马拉,,克萨尔特南戈,
北美洲,危地马拉,,雷塔卢莱乌,
北美洲,危地马拉,,米克斯科,
北美洲,危地马拉,,佩滕,
北美洲,危地马拉,,奇基穆拉,
北美洲,危地马拉,,奇马尔特南戈,
北美洲,危地马拉,,萨卡帕,
北美洲,危地马拉,,萨卡特佩克斯,
北美洲,危地马拉,,上韦拉帕斯,
北美洲,危地马拉,,圣罗莎,
北美洲,危地马拉,,圣马科斯,
北美洲,危地马拉,,苏奇特佩克斯,
北美洲,危地马拉,,索洛拉,
北美洲,危地马拉,,托托尼卡潘,
北美洲,危地马拉,,危地马拉,
北美洲,危地马拉,,韦韦特南戈,
北美洲,危地马拉,,下韦拉帕斯,
北美洲,危地马拉,,新城,
北美洲,危地马拉,,伊萨瓦尔,
南美洲,委内瑞拉,,阿拉瓜,
南美洲,委内瑞拉,,阿马库罗三角洲,
南美洲,委内瑞拉,,阿普雷,
南美洲,委内瑞拉,,安索阿特吉,
南美洲,委内瑞拉,,巴里纳斯,
南美洲,委内瑞拉,,玻利瓦尔,
南美洲,委内瑞拉,,波图格萨,
南美洲,委内瑞拉,,法尔孔,
南美洲,委内瑞拉,,瓜里科,
南美洲,委内瑞拉,,加拉加斯,
南美洲,委内瑞拉,,卡拉沃沃,
南美洲,委内瑞拉,,科赫德斯,
南美洲,委内瑞拉,,拉腊,
南美洲,委内瑞拉,,联邦属地,
南美洲,委内瑞拉,,梅里达,
南美洲,委内瑞拉,,米兰达,
南美洲,委内瑞拉,,莫纳加斯,
南美洲,委内瑞拉,,苏克雷,
南美洲,委内瑞拉,,苏利亚,
南美洲,委内瑞拉,,塔奇拉,
南美洲,委内瑞拉,,特鲁希略,
南美洲,委内瑞拉,,新埃斯帕塔,
南美洲,委内瑞拉,,亚拉奎,
南美洲,委内瑞拉,,亚马孙,
亚洲,文莱,,,
非洲,乌干达,,阿鲁阿,
非洲,乌干达,,阿帕克,
非洲,乌干达,,阿朱马尼,
非洲,乌干达,,本迪布焦,
非洲,乌干达,,布吉里,
非洲,乌干达,,布西亚,
非洲,乌干达,,布谢尼,
非洲,乌干达,,恩通加莫,
非洲,乌干达,,古卢,
非洲,乌干达,,霍伊马,
非洲,乌干达,,基巴莱,
非洲,乌干达,,基博加,
非洲,乌干达,,基恩乔乔,
非洲,乌干达,,基索罗,
非洲,乌干达,,基特古姆,
非洲,乌干达,,金贾,
非洲,乌干达,,卡巴莱,
非洲,乌干达,,卡巴罗莱,
非洲,乌干达,,卡贝拉马伊多,
非洲,乌干达,,卡兰加拉,
非洲,乌干达,,卡姆文盖,
非洲,乌干达,,卡穆利,
非洲,乌干达,,卡农古,
非洲,乌干达,,卡普乔鲁瓦,
非洲,乌干达,,卡塞塞,
非洲,乌干达,,卡塔奎,
非洲,乌干达,,卡永加,
非洲,乌干达,,坎帕拉,
非洲,乌干达,,科蒂多,
非洲,乌干达,,库米,
非洲,乌干达,,拉卡伊,
非洲,乌干达,,利拉,
非洲,乌干达,,卢韦罗,
非洲,乌干达,,鲁昆吉里,
非洲,乌干达,,马萨卡,
非洲,乌干达,,马辛迪,
非洲,乌干达,,马尤盖,
非洲,乌干达,,莫罗托,
非洲,乌干达,,莫约,
非洲,乌干达,,姆巴拉拉,
非洲,乌干达,,姆巴莱,
非洲,乌干达,,姆皮吉,
非洲,乌干达,,穆本德,
非洲,乌干达,,穆科诺,
非洲,乌干达,,纳卡皮里皮里特,
非洲,乌干达,,纳卡松戈拉,
非洲,乌干达,,内比,
非洲,乌干达,,帕德尔,
非洲,乌干达,,帕利萨,
非洲,乌干达,,森巴布莱,
非洲,乌干达,,索罗提,
非洲,乌干达,,托罗罗,
非洲,乌干达,,瓦基索,
非洲,乌干达,,锡龙科,
非洲,乌干达,,伊甘加,
非洲,乌干达,,永贝,
欧洲,乌克兰,,敖德萨,
欧洲,乌克兰,,波尔塔瓦,
欧洲,乌克兰,,第聂伯罗波得罗夫斯克,
欧洲,乌克兰,,顿涅茨克,
欧洲,乌克兰,,哈尔科夫,
欧洲,乌克兰,,赫尔松州,
欧洲,乌克兰,,赫梅利尼茨基,
欧洲,乌克兰,,基辅,
欧洲,乌克兰,,基洛夫格勒,
欧洲,乌克兰,,捷尔诺波尔,
欧洲,乌克兰,,克里米亚自治共和国,
欧洲,乌克兰,,利沃夫,
欧洲,乌克兰,,卢甘斯克,
欧洲,乌克兰,,罗夫诺,
欧洲,乌克兰,,尼古拉耶夫,
欧洲,乌克兰,,切尔卡瑟,
欧洲,乌克兰,,切尔尼戈夫,
欧洲,乌克兰,,切尔诺夫策,
欧洲,乌克兰,,日托米尔,
欧洲,乌克兰,,苏梅,
欧洲,乌克兰,,外喀尔巴阡,
欧洲,乌克兰,,文尼察,
欧洲,乌克兰,,沃伦,
欧洲,乌克兰,,伊万－弗兰科夫州,
欧洲,乌克兰,,扎波罗热,
南美洲,乌拉圭,,阿蒂加斯,
南美洲,乌拉圭,,杜拉斯诺,
南美洲,乌拉圭,,佛罗里达,
南美洲,乌拉圭,,弗洛雷斯,
南美洲,乌拉圭,,卡内洛内斯,
南美洲,乌拉圭,,科洛尼亚,
南美洲,乌拉圭,,拉瓦耶哈,
南美洲,乌拉圭,,里韦拉,
南美洲,乌拉圭,,罗恰,
南美洲,乌拉圭,,马尔多纳多,
南美洲,乌拉圭,,蒙得维的亚,
南美洲,乌拉圭,,内格罗河,
南美洲,乌拉圭,,派桑杜,
南美洲,乌拉圭,,萨尔托,
南美洲,乌拉圭,,塞罗拉尔戈,
南美洲,乌拉圭,,三十三人,
南美洲,乌拉圭,,圣何塞,
南美洲,乌拉圭,,索里亚诺,
南美洲,乌拉圭,,塔夸伦博,
亚洲,乌兹别克斯坦,,安集延,
亚洲,乌兹别克斯坦,,布哈拉,
亚洲,乌兹别克斯坦,,费尔干纳,
亚洲,乌兹别克斯坦,,花拉子模,
亚洲,乌兹别克斯坦,,吉扎克,
亚洲,乌兹别克斯坦,,卡拉卡尔帕克斯坦共和国,
亚洲,乌兹别克斯坦,,卡什卡达里亚,
亚洲,乌兹别克斯坦,,纳曼干,
亚洲,乌兹别克斯坦,,纳沃伊,
亚洲,乌兹别克斯坦,,撒马尔罕,
亚洲,乌兹别克斯坦,,苏尔汉河,
亚洲,乌兹别克斯坦,,塔什干,
亚洲,乌兹别克斯坦,,塔什干市,
亚洲,乌兹别克斯坦,,锡尔河,
欧洲,西班牙,,阿尔梅里亚,
欧洲,西班牙,,阿尔瓦塞特,
欧洲,西班牙,,阿拉瓦,
欧洲,西班牙,,阿利坎特,
欧洲,西班牙,,阿斯图利亚斯,
欧洲,西班牙,,阿维拉,
欧洲,西班牙,,奥伦塞,
欧洲,西班牙,,巴达霍斯,
欧洲,西班牙,,巴利阿里,
欧洲,西班牙,,巴利亚多利德,
欧洲,西班牙,,巴伦西亚,
欧洲,西班牙,,巴塞罗那,
欧洲,西班牙,,比斯开,
欧洲,西班牙,,布尔戈斯,
欧洲,西班牙,,格拉纳达,
欧洲,西班牙,,瓜达拉哈拉,
欧洲,西班牙,,哈恩,
欧洲,西班牙,,赫罗纳,
欧洲,西班牙,,吉普斯夸,
欧洲,西班牙,,加的斯,
欧洲,西班牙,,卡塞雷斯,
欧洲,西班牙,,卡斯蒂利亚,
欧洲,西班牙,,卡斯特利翁,
欧洲,西班牙,,科尔多瓦,
欧洲,西班牙,,昆卡,
欧洲,西班牙,,拉科鲁尼亚,
欧洲,西班牙,,拉里奥哈,
欧洲,西班牙,,拉斯帕尔马斯,
欧洲,西班牙,,莱昂,
欧洲,西班牙,,莱里达,
欧洲,西班牙,,卢戈,
欧洲,西班牙,,马德里,
欧洲,西班牙,,马拉加,
欧洲,西班牙,,穆尔西亚,
欧洲,西班牙,,纳瓦拉,
欧洲,西班牙,,帕伦西亚,
欧洲,西班牙,,蓬特韦德拉,
欧洲,西班牙,,萨拉戈萨,
欧洲,西班牙,,萨拉曼卡,
欧洲,西班牙,,萨莫拉,
欧洲,西班牙,,塞哥维亚,
欧洲,西班牙,,塞维利亚,
欧洲,西班牙,,桑坦德,
欧洲,西班牙,,圣克鲁斯-德特内里费,
欧洲,西班牙,,索里亚,
欧洲,西班牙,,塔拉戈纳,
欧洲,西班牙,,特鲁埃尔,
欧洲,西班牙,,托莱多,
欧洲,西班牙,,韦尔瓦,
欧洲,西班牙,,韦斯卡,
欧洲,希腊,,比雷埃夫斯,
欧洲,希腊,,多德卡尼斯,
欧洲,希腊,,干尼亚,
欧洲,希腊,,基克拉迪,
欧洲,希腊,,拉西锡,
欧洲,希腊,,莱斯博斯,
欧洲,希腊,,雷西姆农,
欧洲,希腊,,萨摩斯,
欧洲,希腊,,雅典,
欧洲,希腊,,伊拉克里翁,
亚洲,新加坡,,,
大洋洲,新喀里多尼亚,,,
大洋洲,新西兰,,奥克兰,
大洋洲,新西兰,,北岸,
大洋洲,新西兰,,北帕默斯顿,
大洋洲,新西兰,,北远,
大洋洲,新西兰,,布莱尼姆,
大洋洲,新西兰,,达尼丁,
大洋洲,新西兰,,格雷茅斯,
大洋洲,新西兰,,哈密尔顿,
大洋洲,新西兰,,黑斯廷斯,
大洋洲,新西兰,,怀塔科拉,
大洋洲,新西兰,,吉斯伯恩,
大洋洲,新西兰,,凯帕拉,
大洋洲,新西兰,,克赖斯特彻奇,
大洋洲,新西兰,,里士满,
大洋洲,新西兰,,马努考,
大洋洲,新西兰,,纳尔逊,
大洋洲,新西兰,,内皮尔,
大洋洲,新西兰,,斯特拉特福德,
大洋洲,新西兰,,陶马鲁努伊,
大洋洲,新西兰,,瓦卡塔尼,
大洋洲,新西兰,,旺阿雷,
大洋洲,新西兰,,旺格努伊,
大洋洲,新西兰,,新普利茅斯,
大洋洲,新西兰,,因弗卡吉尔,
欧洲,匈牙利,,巴兰尼亚,
欧洲,匈牙利,,巴奇-基什孔,
欧洲,匈牙利,,包尔绍德-奥包乌伊-曾普伦,
欧洲,匈牙利,,贝凯什,
欧洲,匈牙利,,布达佩斯,
欧洲,匈牙利,,费耶尔,
欧洲,匈牙利,,豪伊杜-比豪尔,
欧洲,匈牙利,,赫维什,
欧洲,匈牙利,,加兹-纳杰孔-索尔诺克,
欧洲,匈牙利,,杰尔-莫松-肖普朗,
欧洲,匈牙利,,科马罗姆,
欧洲,匈牙利,,诺格拉德,
欧洲,匈牙利,,佩斯,
欧洲,匈牙利,,琼格拉德,
欧洲,匈牙利,,绍莫吉,
欧洲,匈牙利,,索博尔奇-索特马尔-贝拉格,
欧洲,匈牙利,,托尔瑙,
欧洲,匈牙利,,维斯普雷姆,
欧洲,匈牙利,,沃什,
欧洲,匈牙利,,佐洛,
亚洲,叙利亚,,阿勒颇,
亚洲,叙利亚,,大马士革,
亚洲,叙利亚,,大马士革市,
亚洲,叙利亚,,代尔祖尔,
亚洲,叙利亚,,德拉,
亚洲,叙利亚,,哈马,
亚洲,叙利亚,,哈塞克,
亚洲,叙利亚,,霍姆斯,
亚洲,叙利亚,,加布,
亚洲,叙利亚,,卡米什利,
亚洲,叙利亚,,库奈特拉,
亚洲,叙利亚,,拉卡,
亚洲,叙利亚,,拉塔基亚,
亚洲,叙利亚,,苏韦达,
亚洲,叙利亚,,塔尔图斯,
亚洲,叙利亚,,伊德利卜,
北美洲,牙买加,,波特兰,
北美洲,牙买加,,汉诺威,
北美洲,牙买加,,金斯敦,
北美洲,牙买加,,克拉伦登,
北美洲,牙买加,,曼彻斯特,
北美洲,牙买加,,圣安德鲁斯,
北美洲,牙买加,,圣安娜,
北美洲,牙买加,,圣凯瑟琳,
北美洲,牙买加,,圣玛丽,
北美洲,牙买加,,圣托马斯,
北美洲,牙买加,,圣伊丽莎白,
北美洲,牙买加,,圣詹姆斯,
北美洲,牙买加,,特里洛尼,
北美洲,牙买加,,西摩兰,
亚洲,亚美尼亚,,阿尔马维尔,
亚洲,亚美尼亚,,阿拉加措特恩,
亚洲,亚美尼亚,,阿拉拉特,
亚洲,亚美尼亚,,埃里温市,
亚洲,亚美尼亚,,格加尔库尼克,
亚洲,亚美尼亚,,科泰克,
亚洲,亚美尼亚,,洛里,
亚洲,亚美尼亚,,塔武什,
亚洲,亚美尼亚,,瓦约茨·佐尔,
亚洲,亚美尼亚,,希拉克,
亚洲,亚美尼亚,,休尼克,
亚洲,也门,,阿比扬,
亚洲,也门,,阿姆兰,
亚洲,也门,,贝达,
亚洲,也门,,达利,
亚洲,也门,,哈德拉毛,
亚洲,也门,,哈杰,
亚洲,也门,,荷台达,
亚洲,也门,,焦夫,
亚洲,也门,,拉赫季,
亚洲,也门,,马里卜,
亚洲,也门,,迈赫拉,
亚洲,也门,,迈赫维特,
亚洲,也门,,萨达,
亚洲,也门,,萨那,
亚洲,也门,,赛文,
亚洲,也门,,舍卜沃,
亚洲,也门,,塔伊兹,
亚洲,也门,,希赫尔,
亚洲,也门,,亚丁,
亚洲,也门,,伊卜,
亚洲,也门,,扎玛尔,
亚洲,伊拉克,,,
亚洲,伊朗,,,
亚洲,以色列,,阿什杜德,
亚洲,以色列,,贝尔谢巴,
亚洲,以色列,,贝特雁,
亚洲,以色列,,海法,
亚洲,以色列,,霍隆,
亚洲,以色列,,内坦亚,
亚洲,以色列,,特拉维夫,
亚洲,以色列,,耶路撒冷,
欧洲,意大利,,阿斯蒂,
欧洲,意大利,,阿斯科利皮切诺,
欧洲,意大利,,安科纳,
欧洲,意大利,,奥尔比亚,
欧洲,意大利,,奥里斯塔诺,
欧洲,意大利,,奥斯塔,
欧洲,意大利,,巴勒莫,
欧洲,意大利,,巴里,
欧洲,意大利,,贝加莫,
欧洲,意大利,,贝内文托,
欧洲,意大利,,比萨,
欧洲,意大利,,波代诺内,
欧洲,意大利,,波坦察,
欧洲,意大利,,博洛尼亚,
欧洲,意大利,,布拉,
欧洲,意大利,,布雷西亚,
欧洲,意大利,,布林迪西,
欧洲,意大利,,的里雅斯特,
欧洲,意大利,,都灵,
欧洲,意大利,,费拉拉,
欧洲,意大利,,佛罗伦萨,
欧洲,意大利,,福贾,
欧洲,意大利,,卡利亚里,
欧洲,意大利,,卡塞塔,
欧洲,意大利,,卡塔尼亚,
欧洲,意大利,,卡坦扎罗,
欧洲,意大利,,坎波巴索,
欧洲,意大利,,科摩,
欧洲,意大利,,科森扎,
欧洲,意大利,,克罗托内,
欧洲,意大利,,库内奥,
欧洲,意大利,,拉奎拉,
欧洲,意大利,,拉斯佩齐亚,
欧洲,意大利,,莱科,
欧洲,意大利,,莱切,
欧洲,意大利,,雷焦艾米利亚,
欧洲,意大利,,雷焦卡拉布里亚,
欧洲,意大利,,里窝那,
欧洲,意大利,,罗马,
欧洲,意大利,,马萨,
欧洲,意大利,,马泰拉,
欧洲,意大利,,蒙扎,
欧洲,意大利,,米兰,
欧洲,意大利,,摩德纳,
欧洲,意大利,,墨西拿,
欧洲,意大利,,那不勒斯,
欧洲,意大利,,努奥罗,
欧洲,意大利,,诺瓦拉,
欧洲,意大利,,帕尔马,
欧洲,意大利,,帕维亚,
欧洲,意大利,,佩鲁贾,
欧洲,意大利,,热那亚,
欧洲,意大利,,萨莱诺,
欧洲,意大利,,萨萨里,
欧洲,意大利,,萨沃纳,
欧洲,意大利,,塔兰托,
欧洲,意大利,,特拉帕尼,
欧洲,意大利,,特伦托,
欧洲,意大利,,威尼斯,
欧洲,意大利,,韦尔切利,
欧洲,意大利,,维泰博,
欧洲,意大利,,乌迪内,
欧洲,意大利,,锡拉库扎,
欧洲,意大利,,锡耶纳,
欧洲,意大利,,亚历山德里亚,
欧洲,意大利,,伊塞尔尼亚,
亚洲,印度,,艾藻尔,
亚洲,印度,,班加罗尔,
亚洲,印度,,本地治里,
亚洲,印度,,博帕尔,
亚洲,印度,,布巴内斯瓦尔,
亚洲,印度,,昌迪加尔,
亚洲,印度,,达曼,
亚洲,印度,,第乌,
亚洲,印度,,甘托克,
亚洲,印度,,哥印拜陀,
亚洲,印度,,加尔各答,
亚洲,印度,,加里加尔,
亚洲,印度,,贾巴尔普尔,
亚洲,印度,,贾朗达尔,
亚洲,印度,,焦特布尔,
亚洲,印度,,金奈,
亚洲,印度,,卡瓦拉蒂,
亚洲,印度,,科希马,
亚洲,印度,,马埃,
亚洲,印度,,马杜赖,
亚洲,印度,,森伯尔布尔,
亚洲,印度,,特里凡得琅,
亚洲,印度,,乌代布尔,
亚洲,印度,,西隆,
亚洲,印度,,锡尔萨瓦,
亚洲,印度,,新德里,
亚洲,印度,,亚南,
亚洲,印度,,因帕尔,
亚洲,印度,,印多尔,
亚洲,印度,,斋普尔,
亚洲,印度尼西亚,,巴厘,
亚洲,印度尼西亚,,邦加－勿里洞群岛,
亚洲,印度尼西亚,,北苏拉威西,
亚洲,印度尼西亚,,北苏门答腊,
亚洲,印度尼西亚,,大雅加达首都特区,
亚洲,印度尼西亚,,东加里曼丹,
亚洲,印度尼西亚,,东南苏拉威西,
亚洲,印度尼西亚,,东努沙登加拉,
亚洲,印度尼西亚,,东爪哇,
亚洲,印度尼西亚,,廖内,
亚洲,印度尼西亚,,马鲁古,
亚洲,印度尼西亚,,明古鲁,
亚洲,印度尼西亚,,楠榜,
亚洲,印度尼西亚,,南加里曼丹,
亚洲,印度尼西亚,,南苏拉威西,
亚洲,印度尼西亚,,南苏门答腊,
亚洲,印度尼西亚,,日惹特区,
亚洲,印度尼西亚,,万丹,
亚洲,印度尼西亚,,西努沙登加拉,
亚洲,印度尼西亚,,西苏门答腊,
亚洲,印度尼西亚,,西爪哇,
亚洲,印度尼西亚,,雅加达,
亚洲,印度尼西亚,,亚齐,
亚洲,印度尼西亚,,伊里安查亚,
亚洲,印度尼西亚,,占碑,
亚洲,印度尼西亚,,中加里曼丹,
亚洲,印度尼西亚,,中苏拉威西,
亚洲,印度尼西亚,,中爪哇,
欧洲,英国,北爱尔兰,贝尔法斯特,
欧洲,英国,北爱尔兰,德里,
欧洲,英国,北爱尔兰,利斯本,
欧洲,英国,北爱尔兰,纽里,
欧洲,英国,苏格兰,阿伯丁,
欧洲,英国,苏格兰,爱丁堡,
欧洲,英国,苏格兰,丹迪,
欧洲,英国,苏格兰,格拉斯哥,
欧洲,英国,苏格兰,斯特灵,
欧洲,英国,苏格兰,因弗内斯,
欧洲,英国,威尔士,班戈,
欧洲,英国,威尔士,卡迪夫,
欧洲,英国,威尔士,纽波特,
欧洲,英国,威尔士,斯旺西,
欧洲,英国,英格兰,埃克塞特,
欧洲,英国,英格兰,巴斯,
欧洲,英国,英格兰,彼得伯勒,
欧洲,英国,英格兰,伯明翰,
欧洲,英国,英格兰,布拉德福德,
欧洲,英国,英格兰,布莱顿与赫福,
欧洲,英国,英格兰,布里斯托尔,
欧洲,英国,英格兰,德比,
欧洲,英国,英格兰,德罕,
欧洲,英国,英格兰,格洛斯特,
欧洲,英国,英格兰,赫尔河畔京斯敦,
欧洲,英国,英格兰,赫里福德,
欧洲,英国,英格兰,剑桥,
欧洲,英国,英格兰,卡莱尔,
欧洲,英国,英格兰,坎特伯雷,
欧洲,英国,英格兰,考文垂,
欧洲,英国,英格兰,兰开斯特,
欧洲,英国,英格兰,里彭,
欧洲,英国,英格兰,利奇菲尔德,
欧洲,英国,英格兰,利物浦,
欧洲,英国,英格兰,利茲,
欧洲,英国,英格兰,列斯特,
欧洲,英国,英格兰,林肯,
欧洲,英国,英格兰,伦敦,
欧洲,英国,英格兰,曼彻斯特,
欧洲,英国,英格兰,南安普敦,
欧洲,英国,英格兰,牛津,
欧洲,英国,英格兰,纽卡斯尔,
欧洲,英国,英格兰,诺丁汉,
欧洲,英国,英格兰,诺里奇,
欧洲,英国,英格兰,朴茨茅斯,
欧洲,英国,英格兰,普雷斯顿,
欧洲,英国,英格兰,普利茅斯,
欧洲,英国,英格兰,奇切斯特,
欧洲,英国,英格兰,切斯特,
欧洲,英国,英格兰,桑德兰,
欧洲,英国,英格兰,圣阿本斯,
欧洲,英国,英格兰,索尔斯堡,
欧洲,英国,英格兰,索福特,
欧洲,英国,英格兰,特鲁罗,
欧洲,英国,英格兰,特伦特河畔斯多克,
欧洲,英国,英格兰,威尔斯,
欧洲,英国,英格兰,韦克菲尔德,
欧洲,英国,英格兰,温彻斯特,
欧洲,英国,英格兰,伍尔弗汉普顿,
欧洲,英国,英格兰,伍斯特,
欧洲,英国,英格兰,谢菲尔德,
欧洲,英国,英格兰,伊利,
欧洲,英国,英格兰,约克,
亚洲,约旦,,阿吉隆,
亚洲,约旦,,安曼,
亚洲,约旦,,拜勒加,
亚洲,约旦,,杰拉什,
亚洲,约旦,,卡拉克,
亚洲,约旦,,鲁赛法,
亚洲,约旦,,马安,
亚洲,约旦,,马德巴,
亚洲,约旦,,马夫拉克,
亚洲,约旦,,塔菲拉,
亚洲,约旦,,亚喀巴,
亚洲,约旦,,伊尔比德,
亚洲,约旦,,扎尔卡,
亚洲,越南,,海防,
亚洲,越南,,河内,
亚洲,越南,,胡志明市,
非洲,赞比亚,,北方,
非洲,赞比亚,,东方,
非洲,赞比亚,,卢阿普拉,
非洲,赞比亚,,卢萨卡,
非洲,赞比亚,,南方,
非洲,赞比亚,,铜带,
非洲,赞比亚,,西北,
非洲,赞比亚,,西方,
非洲,赞比亚,,中央,
非洲,乍得,,,
欧洲,直布罗陀,,,
南美洲,智利,,阿劳卡尼亚大区,
南美洲,智利,,阿塔卡马大区,
南美洲,智利,,安托法加斯塔大区,
南美洲,智利,,比奥比奥大区,
南美洲,智利,,复活节岛,
南美洲,智利,,湖大区,
南美洲,智利,,科金博大区,
南美洲,智利,,马乌莱大区,
南美洲,智利,,麦哲伦-智利南极大区,
南美洲,智利,,圣地亚哥,
南美洲,智利,,塔拉帕卡大区,
南美洲,智利,,瓦尔帕莱索大区,
南美洲,智利,,伊瓦涅斯将军的艾森大区,
非洲,中非共和国,,巴明吉-班戈兰,
非洲,中非共和国,,班吉直辖市,
非洲,中非共和国,,宾博,
非洲,中非共和国,,凯莫,
非洲,中非共和国,,洛巴伊,
非洲,中非共和国,,曼贝雷-卡代,
非洲,中非共和国,,姆博穆,
非洲,中非共和国,,纳纳-格里比齐,
非洲,中非共和国,,纳纳-曼贝雷,
非洲,中非共和国,,桑加-姆巴埃雷,
非洲,中非共和国,,上科托,
非洲,中非共和国,,上姆博穆,
非洲,中非共和国,,瓦卡,
非洲,中非共和国,,瓦卡加,
非洲,中非共和国,,瓦姆,
非洲,中非共和国,,瓦姆-彭代,
非洲,中非共和国,,翁贝拉-姆波科,
非洲,中非共和国,,下科托,
